Track,Artist,Album,AddedDate
"2¢","The Blancos ","Broken Kids","2018-03-29T15:35:52Z"
"Trust","Youngblood Hawke ","Trust","2018-03-29T15:35:52Z"
"Hello There - ETC!ETC! x Whyel's "It's not a phase MOM!" Remix","Dillon Francis Yung Pinch ETC!ETC! Whyel ","Hello There (The Remixes)","2018-03-29T15:35:52Z"
"Calling You Home","Seven Lions RUNN ","Calling You Home","2018-03-29T15:35:52Z"
"Everybody Hates Me","The Chainsmokers ","Sick Boy...Everybody Hates Me","2018-03-29T15:35:52Z"
"Sick Boy - Zaxx Remix","The Chainsmokers Zaxx ","Sick Boy (Remixes)","2018-03-29T15:35:52Z"
"Nice to Meet You","Our Lady Peace ","Somethingness","2018-03-29T15:35:52Z"
"Head Down","Our Lady Peace ","Somethingness","2018-03-29T15:35:52Z"
"Animal","WOLVES ","Animal","2018-03-29T15:35:52Z"
"Hummingbird","Wildling ","here","2018-03-29T15:35:52Z"
"Rewind","Pop Evil ","Pop Evil","2018-03-29T15:35:52Z"
"Feel Good - Avedon Remix","Neon Trees Avedon ","Feel Good (Avedon Remix)","2018-03-29T15:35:52Z"
"Smoke Signal","Adam Barnes ","Vacancy at NASA","2018-03-29T15:35:52Z"
"Come Back For You","Elephante Matluck ","Come Back For You","2018-03-29T15:35:52Z"
"Kiss It Better","He Is We ","My Forever","2018-03-29T15:35:52Z"
"Made to Find You","Belle Mt ","Volume I","2018-03-29T15:35:52Z"
"Sound of Walking Away","Illenium Kerli ","Awake","2018-03-29T15:35:52Z"
"Good Times Roll","Big Gigantic GRiZ ","Good Times Roll","2018-03-29T15:35:52Z"
"Feels Great (feat. Fetty Wap & CVBZ) - Anki Remix","Cheat Codes Fetty Wap CVBZ Anki ","Feels Great (feat. Fetty Wap & CVBZ) [Anki Remix]","2018-03-29T15:35:52Z"
"Vicodin","CVBZ ","Vicodin","2018-03-29T15:35:52Z"
"motherlove","Bea Miller ","aurora","2018-03-29T15:35:52Z"
"Turn","The Wombats ","Beautiful People Will Ruin Your Life","2018-03-29T15:35:52Z"
"Sinners","Barns Courtney ","Sinners","2018-03-29T15:35:52Z"
"Wilson (Expensive Mistakes)","Fall Out Boy ","MANIA","2018-03-29T15:35:52Z"
"Knives","Matoma FRENSHIP ","Knives","2018-03-29T15:35:52Z"
"Honest Mistake","Handsome Ghost ","Welcome Back","2018-03-29T15:35:52Z"
"Bitter","Olivver the Kid ","Bitter","2018-03-29T15:35:52Z"
"Lonesome Wolf","Dawson Hollow ","Boy of My Youth","2018-03-29T15:35:52Z"
"Across The Room (feat. Leon Bridges)","ODESZA Leon Bridges ","A Moment Apart","2018-03-29T15:35:52Z"
"Meridian","ODESZA ","A Moment Apart","2018-03-29T15:35:52Z"
"Higher Ground (feat. Naomi Wild)","ODESZA Naomi Wild ","A Moment Apart","2018-03-29T15:35:52Z"
"It's All On U (T-Mass & LZRD Remix) [feat. Liam O'Donnell]","Illenium Liam O'Donnell ","Ashes (Remixes)","2018-03-29T15:35:52Z"
"Livin' The Dream","Tritonal ","Painting With Dreams","2018-03-29T15:35:52Z"
"Table for One","AWOLNATION ","Here Come the Runts","2018-03-29T15:35:52Z"
"One Day - New Album Version","Matisyahu ","Light","2018-03-29T15:35:52Z"
"Tribulation","Matt Maeson ","Tribulation","2018-03-29T15:35:52Z"
"The Bottom Line","Justin Clancy ","The Bottom Line","2018-03-29T15:35:52Z"
"10 Feet Down","NF Ruelle ","Perception","2018-03-29T15:35:52Z"
"I Hope You're Happy","Blue October ","I Hope You're Happy","2018-03-29T15:35:52Z"
"The Last Of The Real Ones","Fall Out Boy ","M A N I A","2018-03-29T15:35:52Z"
"Surrender","WALK THE MOON ","What If Nothing","2018-03-29T15:35:52Z"
"Start Over","The New Low ","Continuance","2018-03-29T15:35:52Z"
"LOVE Somebody","FRENSHIP ","LOVE Somebody","2018-03-29T15:35:52Z"
"Body","Loud Luxury brando ","Body","2018-03-29T15:35:52Z"
"Candyman","Zedd Aloe Blacc ","Candyman","2018-03-29T15:35:52Z"
"Dizzy","Miles Hardt ","Dizzy","2018-03-29T15:35:52Z"
"Dangerous Night","Thirty Seconds To Mars ","Dangerous Night","2018-03-29T15:35:52Z"
"Alone","Marshmello ","Alone","2018-03-29T15:35:52Z"
"Go","Wild Cub ","Closer","2018-03-29T15:35:52Z"
"Kings & Queens","Mat Kearney ","Mat Kearney","2018-03-29T15:35:52Z"
"Sick Boy","The Chainsmokers ","Sick Boy","2018-03-29T15:35:52Z"
"Flickin' Your Hair","The Hunna ","Flickin' Your Hair","2018-03-29T15:35:52Z"
"Wilson (Expensive Mistakes)","Fall Out Boy ","Wilson (Expensive Mistakes)","2018-03-29T15:35:52Z"
"Let Down","Palisades ","Palisades","2018-03-29T15:35:52Z"
"There's Nothing Holdin' Me Back","The Gospel Youth ","There's Nothing Holdin' Me Back","2018-03-29T15:35:52Z"
"Indian Summer","Jai Wolf ","Indian Summer","2018-03-29T15:35:52Z"
"Sound of Walking Away","Illenium Kerli ","Sound of Walking Away","2018-03-29T15:35:52Z"
"Fractures (feat. Nevve)","Illenium Nevve ","Fractures (feat. Nevve)","2018-03-29T15:35:52Z"
"Line Of Sight (feat. WYNNE & Mansionair)","ODESZA WYNNE Mansionair ","A Moment Apart","2018-03-29T15:35:52Z"
"COPYCAT - Sofi Tukker Remix","Billie Eilish Sofi Tukker ","COPYCAT (Sofi Tukker Remix)","2018-03-29T15:35:52Z"
"Spotlight","Marshmello Lil Peep ","Spotlight","2018-03-29T15:35:52Z"
"In Your Head","Eminem ","Revival","2018-03-29T15:35:52Z"
"You're Gonna Rise (Doug Weier Remix)","Manafest ","You're Gonna Rise (Doug Weier Remix)","2018-03-29T15:35:52Z"
"So Far Away - Bad Decisions Remix","Martin Garrix David Guetta Jamie Scott Romy Dya Bad Decisions ","So Far Away (Remixes Vol. 2)","2018-03-29T15:35:52Z"
"Follow Me","Transit ","Joyride","2018-03-29T15:35:52Z"
"Kindest Regards","Witt Lowry ","Kindest Regards","2018-03-29T15:35:52Z"
"True Colors","Slaves ","True Colors","2018-03-29T15:35:52Z"
"Firefly","BANNERS ","Empires On Fire","2018-03-29T15:35:52Z"
"Passive Aggressive","RUNAGROUND ","Passive Aggressive","2018-03-29T15:35:52Z"
"Twice","Catfish and the Bottlemen ","The Ride","2018-03-29T15:35:52Z"
"Soundcheck","Catfish and the Bottlemen ","The Ride","2018-03-29T15:35:52Z"
"Malibu","Fly By Midnight ","Malibu","2018-03-29T15:35:52Z"
"The Bravest","Sir Rosevelt ","Sir Rosevelt","2018-03-29T15:35:52Z"
"Lines","Caro Giek Sven Schwarz ","Lines","2018-03-29T15:35:52Z"
"Tears Don't Fall","Bullet For My Valentine ","The Poison (Deluxe Version)","2018-03-29T15:35:52Z"
"Silence","Our Last Night ","Silence","2018-03-29T15:35:52Z"
"Lights Down Low - Not Your Dope Remix","MAX gnash Not Your Dope ","Lights Down Low - EP","2018-03-29T15:35:52Z"
"Give Me A Try","The Wombats ","Glitterbug (Deluxe Version)","2018-03-29T15:35:52Z"
"All for You","French Montana Wiz Khalifa Machine Gun Kelly Snoop Dogg ","Coke Boys (Deluxe Collectors Edition)","2018-03-29T15:35:52Z"
"Awful Things","Good Charlotte ","Awful Things","2018-03-29T15:35:52Z"
"Thunder / Young Dumb & Broke (with Khalid) - Medley","Imagine Dragons Khalid ","Thunder / Young Dumb & Broke (with Khalid) [Medley]","2018-03-29T15:35:52Z"
"Dreamer","Axwell /\ Ingrosso ","Dreamer","2018-03-29T15:35:52Z"
"Untouchable","Eminem ","Revival","2018-03-29T15:35:52Z"
"River (feat. Ed Sheeran)","Eminem Ed Sheeran ","Revival","2018-03-29T15:35:52Z"
"New - Ryan Riback Remix","Daya Ryan Riback ","New (Ryan Riback Remix)","2018-03-29T15:35:52Z"
"Sweet Disaster - Acoustic","DREAMERS ","Sweet Disaster (Acoustic)","2018-03-29T15:35:52Z"
"Drive","Valley ","Drive","2018-03-29T15:35:52Z"
"Heartless","Evaride ","Heartless","2018-03-29T15:35:52Z"
"Future Me","Echosmith ","Inside a Dream EP","2018-03-29T15:35:52Z"
"Walking The Wire","Imagine Dragons ","Evolve","2018-03-29T15:35:52Z"
"Never Going Back","The Score ","ATLAS","2018-03-29T15:35:52Z"
"Periscope (feat. Skylar Grey) [EMRSV REMIX]","Papa Roach EMRSV Skylar Grey ","Periscope (feat. Skylar Grey) [EMRSV REMIX]","2018-03-29T15:35:52Z"
"Him & I","G-Eazy Halsey ","Him & I","2018-03-29T15:35:52Z"
"Carry You Home","Tiësto Stargate Aloe Blacc ","Carry You Home","2018-03-29T15:35:52Z"
"Where'd U Go","Illenium Said the Sky ","Awake","2018-03-29T15:35:52Z"
"They Don't Know","Jason Aldean ","They Don't Know","2018-03-29T15:35:52Z"
"Wolves","Selena Gomez Marshmello ","Wolves","2018-03-29T15:35:52Z"
"Stargazing","Kygo Justin Jesso ","Stargazing - EP","2018-03-29T15:35:52Z"
"There for You","Martin Garrix Troye Sivan ","There for You","2018-03-29T15:35:52Z"
"Can't Be Touched (feat. Mr. Magic & Trouble)","Roy Jones Jr. Mr Magic Trouble ","Body Head Bangerz, Vol. 1","2018-03-29T15:35:52Z"
"Bodies","Wafia ","Bodies","2018-03-29T15:35:52Z"
"I Know You","Craig David Bastille ","I Know You","2018-03-29T15:35:52Z"
"Someone To You","BANNERS ","Empires On Fire","2018-03-29T15:35:52Z"
"Pursuit Of Happiness (nightmare)","Kid Cudi MGMT Ratatat ","Man On The Moon: The End Of Day","2018-03-29T15:35:52Z"
"anxiety (feat. FRND)","Blackbear FRND ","anxiety (feat. FRND)","2018-03-29T15:35:52Z"
"Shattered [Turn The Car Around]","O.A.R. ","All Sides","2018-03-29T15:35:52Z"
"Close Your Eyes (And Count to Fuck) [feat. Zack De La Rocha]","Run The Jewels Zack De La Rocha ","Run the Jewels 2","2018-03-29T15:35:52Z"
"Without You - Otto Knows Remix","Avicii Sandro Cavazza Otto Knows ","Without You (Remixes)","2018-03-29T15:35:52Z"
"Feel It Still - Gryffin Remix","Portugal. The Man Gryffin ","Feel It Still (Gryffin Remix)","2018-03-29T15:35:52Z"
"Whole Heart","Gryffin Bipolar Sunshine ","Whole Heart","2018-03-29T15:35:52Z"
"Feel Good (feat. Daya)","Gryffin Illenium Daya ","Feel Good (feat. Daya)","2018-03-29T15:35:52Z"
"Someone to You","BANNERS ","Someone to You","2018-03-29T15:35:52Z"
"One Thing","San Holo ","One Thing","2018-03-29T15:35:52Z"
"Machine","MisterWives ","Connect The Dots","2018-03-29T15:35:52Z"
"Home (with Machine Gun Kelly, X Ambassadors & Bebe Rexha)","Machine Gun Kelly X Ambassadors Bebe Rexha ","Home (with Machine Gun Kelly, X Ambassadors & Bebe Rexha) [From Bright: The Album]","2018-03-29T15:35:52Z"
"Stranger Things","Kygo OneRepublic ","Kids in Love","2018-03-29T15:35:52Z"
"Sunrise","Kygo Jason Walker ","Kids in Love","2018-03-29T15:35:52Z"
"Never Let You Go","Kygo John Newman ","Kids in Love","2018-03-29T15:35:52Z"
"Alright, Kid","Yøuth ","Blame","2018-03-29T15:35:52Z"
"Real Life","Mako Morgan Page ","Hourglass","2018-03-29T15:35:52Z"
"Replaced","American Authors ","What We Live For","2018-03-29T15:35:52Z"
"All My Life","Honors ","All My Life","2018-03-29T15:35:52Z"
"Kings And Queens","The Treble ","Modernaires","2018-03-29T15:35:52Z"
"Perfect Color","SafetySuit ","Perfect Color","2018-03-29T15:35:52Z"
"Gunshot","BLAJK ","Gunshot","2018-03-29T15:35:52Z"
"Darkside (with Ty Dolla $ign & Future feat. Kiiara)","Ty Dolla $ign Future Kiiara ","Darkside (with Ty Dolla $ign & Future feat. Kiiara) [From Bright: The Album]","2018-03-29T15:35:52Z"
"Northern Soul","Above & Beyond Richard Bedford ","Northern Soul","2018-03-29T15:35:52Z"
"Never Land","Eli Young Band ","Fingerprints","2018-03-29T15:35:52Z"
"Talking Body","Don Vedda ","Talking Body","2018-03-29T15:35:52Z"
"Candy Paint","Post Malone ","Candy Paint","2018-03-29T15:35:52Z"
"In My Arms (feat. Jamie N Commons)","Grizfolk Jamie N Commons ","In My Arms (feat. Jamie N Commons)","2018-03-29T15:35:52Z"
"Sober Up","AJR Rivers Cuomo ","The Click","2018-03-29T15:35:52Z"
"I Dare You","The xx ","I See You (Deluxe)","2018-03-29T15:35:52Z"
"California","Silent Pilot ","California","2018-03-29T15:35:52Z"
"santa monica & la brea","Blackbear ","santa monica & la brea","2018-03-29T15:35:52Z"
"Permanent","Kygo JHart ","Kids in Love","2018-03-29T15:35:52Z"
"Rx (Medicate) - Symphonic Acoustic","Theory of a Deadman ","Rx (Medicate) [Symphonic Acoustic]","2018-03-29T15:35:52Z"
"So Tied Up - moreBishop","Cold War Kids Bishop Briggs ","So Tied Up (moreBishop)","2018-03-29T15:35:52Z"
"Million Bucks - Violet Days Remix","Smallpools Violet Days ","Million Bucks (Violet Days Remix)","2018-03-29T15:35:52Z"
"Wake Up Call","Theory of a Deadman ","Wake Up Call","2018-03-29T15:35:52Z"
"Alright Caroline","Third Eye Blind ","Third Eye Blind (20th Anniversary Edition)","2018-03-29T15:35:52Z"
"Hearts On Fire","Gavin James ","Hearts On Fire","2018-03-29T15:35:52Z"
"Never Let You Go","Kygo John Newman ","Never Let You Go","2018-03-29T15:35:52Z"
"Kerosene Dreams","X Ambassadors ","VHS 2.0","2018-03-29T15:35:52Z"
"Take on the World - AlunaGeorge Remix","You Me At Six AlunaGeorge ","Take on the World (AlunaGeorge Remix)","2018-03-29T15:35:52Z"
"I Found God","Mainland ","I Found God","2018-03-29T15:35:52Z"
"River","KARMS ","River","2018-03-29T15:35:53Z"
"Float - Catalin Ivascu Remix","Switchfoot Catalin Ivascu ","Float Remix EP","2018-03-29T15:35:53Z"
"Friends (with BloodPop® & Julia Michaels) - Remix","Justin Bieber BloodPop® Julia Michaels ","Friends (with BloodPop® & Julia Michaels) [Remix]","2018-03-29T15:35:53Z"
"Mercy","Lewis Capaldi ","Bloom - EP","2018-03-29T15:35:53Z"
"You & Me","Marshmello ","You & Me","2018-03-29T15:35:53Z"
"Homemade Dynamite (Feat. Khalid, Post Malone & SZA) - REMIX","Lorde Khalid Post Malone SZA ","Homemade Dynamite (Feat. Khalid, Post Malone & SZA) [REMIX]","2018-03-29T15:35:53Z"
"American Teen","Khalid ","American Teen","2018-03-29T15:35:53Z"
"Feels Great (feat. Fetty Wap & CVBZ)","Cheat Codes Fetty Wap CVBZ ","Feels Great (feat. Fetty Wap & CVBZ)","2018-03-29T15:35:53Z"
"Back to the Start","Jake Miller ","2:00am in LA","2018-03-29T15:35:53Z"
"10,000","Elliot Root ","Conjure","2018-03-29T15:35:53Z"
"Golden Dandelions","Barns Courtney ","The Attractions Of Youth","2018-03-29T15:35:53Z"
"Escape My Mind","Grace VanderWaal ","Escape My Mind","2018-03-29T15:35:53Z"
"Young - Midnight Kids Remix","The Chainsmokers Midnight Kids ","Young (Midnight Kids Remix)","2018-03-29T15:35:53Z"
"Brave (Remix)","Freedom Fry ","Brave (Remix)","2018-03-29T15:35:53Z"
"Willow Tree","Twin Wild ","My Heart","2018-03-29T15:35:53Z"
"Leaving","Illenium ","Awake","2018-03-29T15:35:53Z"
"Playing To Lose - Coucheron Remix","Lemaitre Stanaj Coucheron ","Chapter One","2018-03-29T15:35:53Z"
"Beautiful Trauma","P!nk ","Beautiful Trauma","2018-03-29T15:35:53Z"
"Split Stones","Maggie Rogers ","Split Stones","2018-03-29T15:35:53Z"
"Let You Down","NF ","Let You Down","2018-03-29T15:35:53Z"
"One Foot","WALK THE MOON ","One Foot","2018-03-29T15:35:53Z"
"Run For Cover","The Killers ","Wonderful Wonderful (Deluxe)","2018-03-29T15:35:53Z"
"Dance","Parmalee ","Feels Like Carolina","2018-03-29T15:35:53Z"
"Raincoat","Timeflies SHY Martin ","Too Much","2018-03-29T15:35:53Z"
"A Little More Summertime","Jason Aldean ","They Don't Know","2018-03-29T15:35:53Z"
"True Feeling","Galantis ","The Aviary","2018-03-29T15:35:53Z"
"Higher Ground (feat. Naomi Wild)","ODESZA Naomi Wild ","Higher Ground","2018-03-29T15:35:53Z"
"Where The Wild Things Are","Zeds Dead Illenium ","Where The Wild Things Are","2018-03-29T15:35:53Z"
"Follow Me, Follow You","O.A.R. ","XX","2018-03-29T15:35:53Z"
"It's You","Air Traffic Controller ","Echo Papa","2018-03-29T15:35:53Z"
"Falls (feat. Sasha Sloan)","ODESZA Sasha Sloan ","A Moment Apart","2018-03-29T15:35:53Z"
"No Limit","G-Eazy A$AP Rocky Cardi B ","No Limit","2018-03-29T15:35:53Z"
"Love (feat. Rae Sremmurd)","ILoveMakonnen Rae Sremmurd ","Love (feat. Rae Sremmurd)","2018-03-29T15:35:53Z"
"Never Enough","The Hunna ","100","2018-03-29T15:35:53Z"
"At My Best (feat. Hailee Steinfeld)","Machine Gun Kelly Hailee Steinfeld ","bloom","2018-03-29T15:35:53Z"
"Go For Broke (feat. James Arthur)","Machine Gun Kelly James Arthur ","bloom","2018-03-29T15:35:53Z"
"Let You Go","Machine Gun Kelly ","bloom","2018-03-29T15:35:53Z"
"Rehab","Machine Gun Kelly ","bloom","2018-03-29T15:35:53Z"
"27","Machine Gun Kelly ","bloom","2018-03-29T15:35:53Z"
"The Show Goes On","Lupe Fiasco ","Lasers","2018-03-29T15:35:53Z"
"Nice to Meet You","Our Lady Peace ","Somethingness","2018-03-29T15:35:53Z"
"Radio","J. Hartley ","Radio","2018-03-29T15:35:53Z"
"All I Need to Know","Jay Putty ","All I Need to Know","2018-03-29T15:35:53Z"
"Georgia","Lydia ","Run Wild","2018-03-29T15:35:53Z"
"Check Yes Juliet","We The Kings ","Check Yes Juliet","2018-03-29T15:35:53Z"
"Parachute","Neck Deep ","The Peace And The Panic","2018-03-29T15:35:53Z"
"Day I Die","The National ","Day I Die","2018-03-29T15:35:53Z"
"The Way Life Goes (feat. Oh Wonder)","Lil Uzi Vert Oh Wonder ","Luv Is Rage 2","2018-03-29T15:35:53Z"
"Heaven","Pvris ","All We Know Of Heaven, All We Need Of Hell","2018-03-29T15:35:53Z"
"Window","MAGIC GIANT ","In The Wind","2018-03-29T15:35:53Z"
"Feel Good","Neon Trees ","Feel Good","2018-03-29T15:35:53Z"
"Melatonin","Rookley ","Melatonin","2018-03-29T15:35:53Z"
"Attention - David Guetta Remix","Charlie Puth David Guetta ","Attention (David Guetta Remix)","2018-03-29T15:35:53Z"
"DNA.","Kendrick Lamar ","DAMN.","2018-03-29T15:35:53Z"
"Meant to Be (feat. Florida Georgia Line)","Bebe Rexha Florida Georgia Line ","All Your Fault: Pt. 2","2018-03-29T15:35:53Z"
"Woke Up in Nashville","Seth Ennis ","Mabelle - EP","2018-03-29T15:35:53Z"
"Without You (feat. Sandro Cavazza)","Avicii Sandro Cavazza ","AVĪCI (01)","2018-03-29T15:35:53Z"
"Black","Dierks Bentley ","Black","2018-03-29T15:35:53Z"
"Walk On Water","Thirty Seconds To Mars ","Walk On Water","2018-03-29T15:35:53Z"
"Burn the Money","Young Lions ","Mr Spaceman","2018-03-29T15:35:53Z"
"Corners","The Fray ","Through the Years: The Best of The Fray","2018-03-29T15:35:53Z"
"I Can't Stop Drinking About You - Chainsmokers Remix","Bebe Rexha The Chainsmokers ","I Can't Stop Drinking About You Remix EP","2018-03-29T15:35:53Z"
"Talk to Me","Run The Jewels ","Run the Jewels 3","2018-03-29T15:35:53Z"
"Drive","Halsey ","BADLANDS (Deluxe)","2018-03-29T15:35:53Z"
"Lights Come On","Jason Aldean ","They Don't Know","2018-03-29T15:35:53Z"
"Gonna Get Better","Better Than Ezra ","All Together Now","2018-03-29T15:35:53Z"
"Babel (feat. Super Duper)","Sam Tinnesz Super Duper ","Babel (feat. Super Duper)","2018-03-29T15:35:53Z"
"Thunder","Imagine Dragons ","Evolve","2018-03-29T15:35:53Z"
"Sickago","Deaf Havana ","Sickago","2018-03-29T15:35:53Z"
"Miles","Phillip Phillips ","Miles","2018-03-29T15:35:53Z"
"Reflections","MisterWives ","Our Own House","2018-03-29T15:35:53Z"
"Promises","Handsome Ghost ","The Brilliant Glow","2018-03-29T15:35:53Z"
"Hymn","Kesha ","Hymn","2018-03-29T15:35:53Z"
"Silence","Marshmello Khalid ","Silence","2018-03-29T15:35:53Z"
"Me No Care","Zeds Dead ","Northern Lights","2018-03-29T15:35:53Z"
"Down For Me","G-Eazy Carnage 24hrs ","Step Brothers","2018-03-29T15:35:53Z"
"Higher","Creed ","Human Clay","2018-03-29T15:35:53Z"
"Name","The Goo Goo Dolls ","A Boy Named Goo","2018-03-29T15:35:53Z"
"Long Day","Matchbox Twenty ","Yourself Or Someone Like You","2018-03-29T15:35:53Z"
"Run For Cover","The Killers ","Run For Cover","2018-03-29T15:35:53Z"
"Dance","Parmalee ","Feels Like Carolina","2018-03-29T15:35:53Z"
"A Little More Summertime","Jason Aldean ","They Don't Know","2018-03-29T15:35:53Z"
"They Don't Know","Jason Aldean ","They Don't Know","2018-03-29T15:35:53Z"
"Learn To Let Go","Kesha ","Learn To Let Go","2018-03-29T15:35:53Z"
"Oh Love","MisterWives ","Connect The Dots","2018-03-29T15:35:53Z"
"Relapse","Divided By Friday ","Modern Memoirs","2018-03-29T15:35:53Z"
"Call Ticketron","Run The Jewels ","Run the Jewels 3","2018-03-29T15:35:53Z"
"One Night Only","The Struts ","One Night Only","2018-03-29T15:35:53Z"
"Million Bucks","Smallpools ","Million Bucks","2018-03-29T15:35:53Z"
"Passenger Side","Smallpools ","Passenger Side","2018-03-29T15:35:53Z"
"Sorry","Nothing But Thieves ","Sorry","2018-03-29T15:35:53Z"
"Believe","A-Trak Quavo Lil Yachty ","Believe","2018-03-29T15:35:53Z"
"Parachute","Joshua Micah ","Parachute","2018-03-29T15:35:53Z"
"broken","lovelytheband ","broken","2018-03-29T15:35:53Z"
"Hated","Beartooth ","Aggressive","2018-03-29T15:35:53Z"
"Chess","Seafoal ","Chess","2018-03-29T15:35:53Z"
"Somebody Else - Alt Edit","The 1975 ","Somebody Else (Alt Edit)","2018-03-29T15:35:53Z"
"Bring Dem Things","French Montana Pharrell Williams ","Bring Dem Things","2018-03-29T15:35:53Z"
"Into the Night","Royal Bliss ","Into the Night","2018-03-29T15:35:53Z"
"Whatever It Takes","Imagine Dragons ","Evolve","2018-03-29T15:35:53Z"
"Moonlight","Grace VanderWaal ","Moonlight","2018-03-29T15:35:53Z"
"I’ll Make It Up To You","Imagine Dragons ","Evolve","2018-03-29T15:35:53Z"
"Start Over","Imagine Dragons ","Evolve","2018-03-29T15:35:53Z"
"All Night","Big Boi ","BOOMIVERSE","2018-03-29T15:35:53Z"
"Stay (with Alessia Cara) - Acoustic","Zedd Alessia Cara ","Stay (Acoustic)","2018-03-29T15:35:53Z"
"Green Light","Lorde ","Melodrama","2018-03-29T15:35:53Z"
"Don't Take The Money","Bleachers ","Gone Now","2018-03-29T15:35:53Z"
"Back To Us","Rascal Flatts ","Back To Us","2018-03-29T15:35:53Z"
"Battle Symphony","Linkin Park ","One More Light","2018-03-29T15:35:53Z"
"Good Goodbye (feat. Pusha T and Stormzy)","Linkin Park Pusha T Stormzy ","One More Light","2018-03-29T15:35:53Z"
"Nobody Can Save Me","Linkin Park ","One More Light","2018-03-29T15:35:53Z"
"Let Me Love You","Coasts ","Let Me Love You","2018-03-29T15:35:53Z"
"Heaven","Pvris ","Heaven","2018-03-29T15:35:53Z"
"Broken Heart Rehab","Hish Ryan Lafferty ","Broken Heart Rehab (Single)","2018-03-29T15:35:53Z"
"29 - Radio Edit","Run River North ","Superstition EP","2018-03-29T15:35:53Z"
"Smoke Filled Room - Acoustic Session","Mako ","Smoke Filled Room (Acoustic Session)","2018-03-29T15:35:53Z"
"Love Is Fire","Northern National ","Love Is Fire","2018-03-29T15:35:53Z"
"Roots","Zac Brown Band ","Roots","2018-03-29T15:35:53Z"
"Water Under The Bridge","Living in Fiction ","Water Under The Bridge","2018-03-29T15:35:53Z"
"Heavy (feat. Kiiara) - Nicky Romero Remix","Linkin Park Kiiara Nicky Romero ","Heavy (feat. Kiiara) [Nicky Romero Remix]","2018-03-29T15:35:53Z"
"Thunder","Imagine Dragons ","Thunder","2018-03-29T15:35:53Z"
"Let You Go","Machine Gun Kelly ","Let You Go","2018-03-29T15:35:53Z"
"Something Just Like This - R3hab Remix","The Chainsmokers Coldplay R3HAB ","Something Just Like This (Remix Pack)","2018-03-29T15:35:53Z"
"Green Light","Lorde ","Green Light","2018-03-29T15:35:53Z"
"Say Something (Timeflies Tuesday)","Timeflies ","Timeflies Tuesday, Vol. 1","2018-03-29T15:35:53Z"
"The Violence","Rise Against ","The Violence","2018-03-29T15:35:53Z"
"Drummer Boy","MisterWives ","Drummer Boy","2018-03-29T15:35:53Z"
"Don't Cry, 2020","COIN ","How Will You Know If You Never Try","2018-03-29T15:35:53Z"
"HARD LOVE (feat. Andra Day)","NEEDTOBREATHE Andra Day ","HARD LOVE (feat. Andra Day)","2018-03-29T15:35:53Z"
"All of Me - Naderi Remix","Big Gigantic Naderi Logic ROZES ","All of Me (Naderi Remix)","2018-03-29T15:35:53Z"
"Don't Cry, 2020","COIN ","Don't Cry, 2020","2018-03-29T15:35:53Z"
"American Oxygen","X Ambassadors ","American Oxygen","2018-03-29T15:35:53Z"
"Blame - Bunker Sessions","Bastille ","Blame (Bunker Sessions)","2018-03-29T15:35:53Z"
"Home","Blue October ","Home","2018-03-29T15:35:53Z"
"Sunday Morning","Parmalee ","Sunday Morning","2018-03-29T15:35:53Z"
"My Heart Beats 4 U","Rooney ","Washed Away","2018-03-29T15:35:53Z"
"The One","The Chainsmokers ","Memories...Do Not Open","2018-03-29T15:35:53Z"
"Now Or Never","Halsey ","Now Or Never","2018-03-29T15:35:53Z"
"Back To Us","Rascal Flatts ","Back To Us","2018-03-29T15:35:53Z"
"Stay the Night","Jukebox The Ghost ","Stay the Night","2018-03-29T15:35:53Z"
"Make You Mine","High Valley ","Dear Life","2018-03-29T15:35:53Z"
"Oh Love","MisterWives ","Oh Love","2018-03-29T15:35:53Z"
"Periscope (feat. Skylar Grey)","Papa Roach ","Periscope (feat. Skylar Grey)","2018-03-29T15:35:53Z"
"Fears","Twin Wild ","Fears","2018-03-29T15:35:53Z"
"Don't Take The Money","Bleachers ","Don't Take The Money","2018-03-29T15:35:53Z"
"Speeding Bullet","J-Wright Anthony Russo ","Pressure","2018-03-29T15:35:53Z"
"Blow Smoke","J-Wright ","Pressure","2018-03-29T15:35:54Z"
"A Little More","Machine Gun Kelly Victoria Monet ","General Admission","2018-03-29T15:35:54Z"
"Into The Storm","BANNERS ","Into The Storm","2018-03-29T15:35:54Z"
"Real Thing","Zac Brown Band ","Real Thing","2018-03-29T15:35:54Z"
"American Muscle","1 AMVRKA ","American Muscle","2018-03-29T15:35:54Z"
"So Tied Up","Cold War Kids Bishop Briggs ","So Tied Up","2018-03-29T15:35:54Z"
"At My Best (feat. Hailee Steinfeld)","Machine Gun Kelly Hailee Steinfeld ","At My Best (feat. Hailee Steinfeld)","2018-03-29T15:35:54Z"
"Breaking Free","Night Riots ","Love Gloom","2018-03-29T15:35:54Z"
"One of Us","New Politics ","One of Us","2018-03-29T15:35:54Z"
"A Guy With a Girl","Blake Shelton ","If I'm Honest","2018-03-29T15:35:54Z"
"American Teen","Khalid ","American Teen","2018-03-29T15:35:54Z"
"Something Just Like This","The Chainsmokers Coldplay ","Something Just Like This","2018-03-29T15:35:54Z"
"Stay (with Alessia Cara)","Zedd Alessia Cara ","Stay","2018-03-29T15:35:54Z"
"Shape of You (Major Lazer Remix) [feat. Nyla & Kranium]","Ed Sheeran Kranium Nyla Major Lazer ","Shape of You (Major Lazer Remix) [feat. Nyla & Kranium]","2018-03-29T15:35:54Z"
"Suit And Jacket","Judah & the Lion ","Suit And Jacket","2018-03-29T15:35:54Z"
"Machine","MisterWives ","Machine","2018-03-29T15:35:54Z"
"Little Boy","Barns Courtney ","The Dull Drums - EP","2018-03-29T15:35:54Z"
"Middle Fingers","MISSIO ","Middle Fingers","2018-03-29T15:35:54Z"
"Icarus","Bastille ","All This Bad Blood","2018-03-29T15:35:54Z"
"Keep Your Eyes Open","NEEDTOBREATHE ","The Reckoning","2018-03-29T15:35:54Z"
"Smokin' Gun","Brantley Gilbert ","The Devil Don't Sleep","2018-03-29T15:35:54Z"
"Rockin' Chairs","Brantley Gilbert ","The Devil Don't Sleep","2018-03-29T15:35:54Z"
"Breathe (2 AM)","Anna Nalick ","Wreck of the Day","2018-03-29T15:35:54Z"
"Mad Love","Bush ","Mad Love","2018-03-29T15:35:54Z"
"Scared to Be Lonely","Martin Garrix Dua Lipa ","Scared to Be Lonely","2018-03-29T15:35:54Z"
"Around U","MUNA ","About U","2018-03-29T15:35:54Z"
"Believer","Imagine Dragons ","Believer","2018-03-29T15:35:54Z"
"Lions","Skip Marley ","Lions","2018-03-29T15:35:54Z"
"Right Here","Staind ","The Singles","2018-03-29T15:35:54Z"
"Believe","Mumford & Sons ","Wilder Mind","2018-03-29T15:35:54Z"
"Skin","Rag'n'Bone Man ","Skin","2018-03-29T15:35:54Z"
"How to Save a Life","The Fray ","How To Save A Life","2018-03-29T15:35:54Z"
"Push","Matchbox Twenty ","Yourself Or Someone Like You","2018-03-29T15:35:54Z"
"Wolves and the Water","Edward R. ","Wolves and the Water","2018-03-29T15:35:54Z"
"Show You Off","Jason Aldean ","Old Boots, New Dirt","2018-03-29T15:35:54Z"
"Memories Are Made Of","Luke Combs ","This One's for You - EP","2018-03-29T15:35:54Z"
"On + Off","Maggie Rogers ","On + Off","2018-03-29T15:35:54Z"
"Gemini Feed","Banks ","The Altar","2018-03-29T15:35:54Z"
"All At Once","The Fray ","Through the Years: The Best of The Fray","2018-03-29T15:35:54Z"
"How To Save A Life","The Fray ","Through the Years: The Best of The Fray","2018-03-29T15:35:54Z"
"American Country Love Song","Jake Owen ","American Love","2018-03-29T15:35:54Z"
"Climb Up To My Window","Jason Lancaster ","As You Are","2018-03-29T15:35:54Z"
"Paris","The Chainsmokers ","Paris","2018-03-29T15:35:54Z"
"Any Ol' Barstool","Jason Aldean ","They Don't Know","2018-03-29T15:35:54Z"
"Upgraded - Single off new EP","J-Wright Nina Jeanne ","Upgraded","2018-03-29T15:35:54Z"
"Where I'm At","J-Wright ","Where I'm At","2018-03-29T15:35:54Z"
"Black Honey","Thrice ","To Be Everywhere Is To Be Nowhere","2018-03-29T15:35:54Z"
"Worlds on Fire","Zerbin ","Darling","2018-03-29T15:35:54Z"
"If Only","Ships Have Sailed ","Moodswings","2018-03-29T15:35:54Z"
"Till It's Gone","Yelawolf ","Love Story","2018-03-29T15:35:54Z"
"Congratulations","Post Malone Quavo ","Stoney (Deluxe)","2018-03-29T15:35:54Z"
"A Little More","Machine Gun Kelly Victoria Monet ","General Admission","2018-03-29T15:35:54Z"
"Now and Later","Sage The Gemini ","Now and Later","2018-03-29T15:35:54Z"
"We Went","Randy Houser ","We Went","2018-03-29T15:35:54Z"
"Over and Over - RedOne and T.I. Jakke Remix","The Goo Goo Dolls RedOne T.I. Jakke ","Over and Over (RedOne and T.I. Jakke Remix)","2018-03-29T15:35:54Z"
"Never Be Like You (feat. Kai)","Flume Kai ","Skin","2018-03-29T15:35:54Z"
"The Adventures Of Rain Dance Maggie","Red Hot Chili Peppers ","I'm With You","2018-03-29T15:35:54Z"
"Baby Just Hold On","Royal Bliss ","Baby Just Hold On","2018-03-29T15:35:54Z"
"My Body","Young the Giant ","Young the Giant","2018-03-29T15:35:54Z"
"Welcome To Your Life","Grouplove ","Big Mess","2018-03-29T15:35:54Z"
"Waste A Moment","Kings of Leon ","Waste A Moment","2018-03-29T15:35:54Z"
"King","SAINT PHNX ","King","2018-03-29T15:35:54Z"
"Walking In My Sleep","Andrew McMahon in the Wilderness ","Walking In My Sleep","2018-03-29T15:35:54Z"
"WD-40","Muscadine Bloodline ","WD-40","2018-03-29T15:35:54Z"
"Raised In The Wild","1 AMVRKA ","Raised In The Wild","2018-03-29T15:35:54Z"
"Landslide","Vicetone Youngblood Hawke ","Landslide","2018-03-29T15:35:54Z"
"Just Hold On","Steve Aoki Louis Tomlinson ","Just Hold On","2018-03-29T15:35:54Z"
"Hurricane","Luke Combs ","This One's for You - EP","2018-03-29T15:35:54Z"
"Flame","Sundara Karma ","Flame","2018-03-29T15:35:54Z"
"Little Bit of You","Chase Bryant ","Chase Bryant","2018-03-29T15:35:54Z"
"Bartholomew","The Silent Comedy ","Common Faults (Remastered Deluxe Edition)","2018-03-29T15:35:54Z"
"On Hold","The xx ","On Hold","2018-03-29T15:35:54Z"
"Lisztomania","Phoenix ","Wolfgang Amadeus Phoenix","2018-03-29T15:35:54Z"
"Such Small Scenes","Lewis Del Mar ","Lewis Del Mar","2018-03-29T15:35:54Z"
"Wolves","Rag'n'Bone Man Stig Of The Dump ","Wolves","2018-03-29T15:35:54Z"
"Traumatized","Grouplove ","Big Mess","2018-03-29T15:35:54Z"
"Human","Rag'n'Bone Man ","Human","2018-03-29T15:35:54Z"
"Still Breathing","Green Day ","Revolution Radio","2018-03-29T15:35:54Z"
"Unbelievers","Vampire Weekend ","Modern Vampires of the City","2018-03-29T15:35:54Z"
"Obvious Bicycle","Vampire Weekend ","Modern Vampires of the City","2018-03-29T15:35:54Z"
"Found","Cinders ","Cinders","2018-03-29T15:35:54Z"
"Chicago","Highly Suspect ","The Boy Who Died Wolf","2018-03-29T15:35:54Z"
"Leave A Trace","CHVRCHES ","Every Open Eye","2018-03-29T15:35:54Z"
"Boom Boom Boom","The Outhere Brothers ","Taste of Chicago House","2018-03-29T15:35:54Z"
"Six Degrees of Separation","Miranda Lambert ","The Weight of These Wings","2018-03-29T15:35:54Z"
"Ugly Lights","Miranda Lambert ","The Weight of These Wings","2018-03-29T15:35:54Z"
"Don't Let Me Down","The Chainsmokers Daya ","Collage EP","2018-03-29T15:35:54Z"
"Inside Out","The Chainsmokers Charlee ","Collage EP","2018-03-29T15:35:54Z"
"Black Beatles","Rae Sremmurd Gucci Mane ","SremmLife 2 (Deluxe)","2018-03-29T15:35:54Z"
"Wanna Be That Song","Brett Eldredge ","Illinois","2018-03-29T15:35:54Z"
"Hurricane","Luke Combs ","This One's for You","2018-03-29T15:35:54Z"
"Sleep Without You","Brett Young ","Brett Young EP","2018-03-29T15:35:54Z"
"Middle of a Memory","Cole Swindell ","You Should Be Here","2018-03-29T15:35:54Z"
"Everybody We Know Does","Chase Rice ","Everybody We Know Does","2018-03-29T15:35:54Z"
"ECHO (LET GO)","Breathe Carolina IZII ","ECHO (LET GO)","2018-03-29T15:35:54Z"
"Touching You Again","Hot Shade Mike Perry Jane XØ ","Touching You Again","2018-03-29T15:35:54Z"
"Let Me Love You - Tiësto's AFTR:HRS Mix","DJ Snake Tiësto Justin Bieber ","Let Me Love You (Tiësto's AFTR:HRS Mix)","2018-03-29T15:35:54Z"
"Shed a Light","Robin Schulz David Guetta Cheat Codes ","Shed A Light","2018-03-29T15:35:54Z"
"Forever Now (Say Yes)","Kristian Bush ","Forever Now (Say Yes)","2018-03-29T15:35:54Z"
"Palm Trees","SWMRS ","Drive North","2018-03-29T15:35:54Z"
"Wherever You Go","The Treble ","Wherever You Go","2018-03-29T15:35:54Z"
"Idfc","Blackbear ","Dead","2018-03-29T15:35:54Z"
"You Don't Get Me High Anymore","Three Days Grace ","You Don't Get Me High Anymore","2018-03-29T15:35:54Z"
"Love on the Weekend","John Mayer ","Love on the Weekend","2018-03-29T15:35:54Z"
"Bad Blood","Bastille ","All This Bad Blood","2018-03-29T15:35:54Z"
"Tonight","Ryan Kinder ","Tonight","2018-03-29T15:35:54Z"
"I Can't Stop Thinking About You","Sting ","57TH & 9TH (Deluxe)","2018-03-29T15:35:54Z"
"Ride Away","Opposite the Other ","Ride Away","2018-03-29T15:35:54Z"
"Blame","Bastille ","Wild World (Complete Edition)","2018-03-29T15:35:54Z"
"Sweet Disaster","DREAMERS ","Sweet Disaster","2018-03-29T15:35:54Z"
"It's on You","Matt Gary ","It's on You","2018-03-29T15:35:54Z"
"Excited Eyes","The Notionaries ","Excited Eyes","2018-03-29T15:35:54Z"
"Close","Ryan Kinder ","Close","2018-03-29T15:35:54Z"
"Gravity","Timeflies ","Gravity","2018-03-29T15:35:54Z"
"Talk to Me","Run The Jewels ","Talk to Me","2018-03-29T15:35:54Z"
"Big Spender (feat. Troof)","C tha Future Troof ","Get Well Soon","2018-03-29T15:35:54Z"
"The Reason","Hoobastank ","The Reason","2018-03-29T15:35:54Z"
"Methadone","Rise Against ","The Black Market","2018-03-29T15:35:54Z"
"Raging Fire","Phillip Phillips ","Raging Fire","2018-03-29T15:35:54Z"
"She Ain't You","New Hollow ","She Ain't You","2018-03-29T15:35:54Z"
"Home","Dotan ","Home","2018-03-29T15:35:54Z"
"Never Come Back Again","Austin Plaine ","Austin Plaine","2018-03-29T15:35:54Z"
"White Flag","Joseph ","White Flag","2018-03-29T15:35:54Z"
"All Time Low","Jon Bellion ","The Human Condition","2018-03-29T15:35:54Z"
"City Girl","Ryan Hurd ","City Girl","2018-03-29T15:35:54Z"
"Moving Forward","Colony House ","When I Was Younger","2018-03-29T15:35:54Z"
"Recover","Eli Young Band ","Life At Best","2018-03-29T15:35:54Z"
"Dust","Eli Young Band ","10,000 Towns","2018-03-29T15:35:54Z"
"Drunk Last Night","Eli Young Band ","10,000 Towns","2018-03-29T15:35:54Z"
"Saltwater Gospel","Eli Young Band ","Saltwater Gospel","2018-03-29T15:35:54Z"
"Even If It Breaks Your Heart","Eli Young Band ","Life At Best","2018-03-29T15:35:54Z"
"This World Is Yours","Adam Martin ","This World Is Yours","2018-03-29T15:35:54Z"
"Good News","Ocean Park Standoff ","Good News","2018-03-29T15:35:54Z"
"Wake Up Where You Are","State of Sound ","Wake Up Where You Are","2018-03-29T15:35:54Z"
"Tonight Looks Good on You","Jason Aldean ","Old Boots, New Dirt","2018-03-29T15:35:54Z"
"Just Gettin' Started","Jason Aldean ","Old Boots, New Dirt","2018-03-29T15:35:54Z"
"Sweet Little Somethin'","Jason Aldean ","Old Boots, New Dirt","2018-03-29T15:35:54Z"
"I See You","Luke Bryan ","Crash My Party","2018-03-29T15:35:54Z"
"Sure and Certain","Jimmy Eat World ","Sure and Certain","2018-03-29T15:35:54Z"
"Hard To Love","Lee Brice ","Hard 2 Love","2018-03-29T15:35:54Z"
"Record Year","Eric Church ","Mr. Misunderstood","2018-03-29T15:35:54Z"
"Fucked up Summer","Lukr ","Fucked up Summer","2018-03-29T15:35:54Z"
"Cahuenga Blvd","Matt McAndrew ","Rush in Slowly","2018-03-29T15:35:54Z"
"Close Your Eyes","Parmalee ","Feels Like Carolina","2018-03-29T15:35:54Z"
"Long Hot Summer","Keith Urban ","Get Closer (Deluxe Version)","2018-03-29T15:35:54Z"
"Razor Blade","Luke Bryan ","Kill The Lights (Deluxe)","2018-03-29T15:35:54Z"
"A Little More Summertime","Jason Aldean ","A Little More Summertime","2018-03-29T15:35:56Z"
"Burnin' It Down","Jason Aldean ","Old Boots, New Dirt","2018-03-29T15:35:56Z"
"Drunk On Your Love","Brett Eldredge ","Illinois","2018-03-29T15:35:56Z"
"I Hold On","Dierks Bentley ","I Hold On","2018-03-29T15:35:56Z"
"Livin' The Dream","Drake White ","Spark","2018-03-29T15:35:56Z"
"Cardiac Arrest (WoodysProduce Remix)","Bad Suns ","Cardiac Arrest (WoodysProduce Remix)","2018-03-29T15:35:56Z"
"Stay Here","My Brothers And I ","Don't Dream Alone","2018-03-29T15:35:56Z"
"Sharks In The Swimming Pool","Clairity ","Sharks In The Swimming Pool","2018-03-29T15:35:56Z"
"Chasing Down a Good Time","Randy Houser ","Fired Up","2018-03-29T15:35:56Z"
"Southern Boy (with Jason Aldean)","Jordan Rager Jason Aldean ","Southern Boy (with Jason Aldean)","2018-03-29T15:35:56Z"
"Still Breathing","Green Day ","Still Breathing","2018-03-29T15:35:56Z"
"Closer - Shaun Frank Remix","The Chainsmokers Halsey Shaun Frank ","Closer (Remixes)","2018-03-29T15:35:56Z"
"(It's Gonna Be) Okay","The Piano Guys ","(It's Gonna Be) Okay","2018-03-29T15:35:56Z"
"We Don't Know","The Strumbellas ","Hope","2018-03-29T15:35:56Z"
"Think of You","Chris Young Cassadee Pope ","I'm Comin' Over","2018-03-29T15:35:56Z"
"I'm Comin' Over","Chris Young ","I'm Comin' Over","2018-03-29T15:35:56Z"
"John Cougar John Deere John 3:16","Dave Days ","John Cougar John Deere John 3:16","2018-03-29T15:35:56Z"
"What Hurts The Most","Rascal Flatts ","Me And My Gang","2018-03-29T15:35:56Z"
"Castaway - Acoustic","Trapt ","DNA","2018-03-29T15:35:56Z"
"Bored To Death - Steve Aoki Remix","blink-182 Steve Aoki ","Bored To Death (Steve Aoki Remix)","2018-03-29T15:35:56Z"
"Lovin' Lately","Big & Rich Tim McGraw ","Gravity","2018-03-29T15:35:56Z"
"Closer","Walk Off the Earth ","Closer","2018-03-29T15:35:56Z"
"Songs I Can't Listen To","Neon Trees ","Songs I Can't Listen To","2018-03-29T15:35:56Z"
"Hello","Dayseeker ","Origin (Deluxe Edition)","2018-03-29T15:35:56Z"
"What I Love About You","Logan Mize ","Pawn Shop Guitar - EP","2018-03-29T15:35:56Z"
"Back to the Bottom","Port Cities ","Back to the Bottom","2018-03-29T15:35:56Z"
"Waking Up The Giants","Grizfolk ","Waking Up The Giants","2018-03-29T15:35:56Z"
"Helpless","Emarosa ","131","2018-03-29T15:35:56Z"
"Send Them Off!","Bastille ","Send Them Off!","2018-03-29T15:35:56Z"
"Maybe IDK","Jon Bellion ","The Human Condition","2018-03-29T15:35:56Z"
"Oh My Goodness","Anthony D'Amato ","Cold Snap","2018-03-29T15:35:56Z"
"My Wish - 10th Anniversary","Rascal Flatts ","My Wish (10th Anniversary)","2018-03-29T15:35:56Z"
"If I Told You","Darius Rucker ","If I Told You","2018-03-29T15:35:56Z"
"Gone","Afrojack Ty Dolla $ign ","Gone","2018-03-29T15:35:56Z"
"Pale Paper","Fences ","Pale Paper","2018-03-29T15:35:56Z"
"Crash And Burn","Thomas Rhett ","Crash And Burn","2018-03-29T15:35:56Z"
"I'm Comin' Over","Chris Young ","I'm Comin' Over","2018-03-29T15:35:56Z"
"Painting (Masterpiece)","Lewis Del Mar ","Painting (Masterpiece)","2018-03-29T15:35:56Z"
"American Money","BØRNS ","Dopamine","2018-03-29T15:35:56Z"
"Critical Mistakes","888 ","Critical Mistakes","2018-03-29T15:35:56Z"
"Soar","Tedy ","Soar","2018-03-29T15:35:56Z"
"Learned It From The Radio","Thomas Rhett ","Tangled Up","2018-03-29T15:35:56Z"
"Wake Me Up","Billy Currington ","Summer Forever","2018-03-29T15:35:56Z"
"Unsteady - Boehm Remix","X Ambassadors Boehm ","Unsteady (Boehm Remix)","2018-03-29T15:35:56Z"
"Cop vs. Phone Girl","Third Eye Blind ","Cop vs. Phone Girl","2018-03-29T15:35:56Z"
"Fake It","Bastille ","Fake It","2018-03-29T15:35:56Z"
"Bury It - Keys N Krates Remix","CHVRCHES Hayley Williams Keys N Krates ","Bury It (Keys N Krates Remix)","2018-03-29T15:35:56Z"
"Life Afraid","Set It Off ","Life Afraid","2018-03-29T15:35:56Z"
"I Like The Sound Of That","Rascal Flatts ","Rewind","2018-03-29T15:35:56Z"
"Song for Another Time","Old Dominion ","Meat and Candy","2018-03-29T15:35:56Z"
"Habits","Steven Cooper ","Habits","2018-03-29T15:35:56Z"
"Rollin' In and Rockin' Out","Jon Langston ","Jon Langston - EP","2018-03-29T15:35:56Z"
"I Love This Life","LOCASH ","The Fighters","2018-03-29T15:35:56Z"
"Closer","The Chainsmokers Halsey ","Closer","2018-03-29T15:35:56Z"
"Already Callin' You Mine","Parmalee ","Feels Like Carolina","2018-03-29T15:35:56Z"
"Fix","Chris Lane ","Fix","2018-03-29T15:35:56Z"
"Where It's At","Dustin Lynch ","Where It's At","2018-03-29T15:35:56Z"
"Swing Life Away","Rise Against ","Siren Song Of The Counter-Culture","2018-03-29T15:35:56Z"
"Apologize","OneRepublic ","Dreaming Out Loud (International Version)","2018-03-29T15:35:56Z"
"Sugar, We're Goin Down","Fall Out Boy ","From Under The Cork Tree","2018-03-29T15:35:56Z"
"Things We Lost In The Fire","Bastille ","All This Bad Blood","2018-03-29T15:35:56Z"
"Pompeii","Bastille ","All This Bad Blood","2018-03-29T15:35:56Z"
"All Too Familiar","PROSE ","Home Of The Brave (Deluxe)","2018-03-29T15:35:56Z"
"All Too Familiar","PROSE ","All Too Familiar","2018-03-29T15:35:56Z"
"sex","EDEN ","sex","2018-03-29T15:35:56Z"
"drugs","EDEN ","drugs","2018-03-29T15:35:56Z"
"Tongue Tied July","Michael Brun Roy English ","Tongue Tied July","2018-03-29T15:35:56Z"
"Hurricane","Luke Combs ","Hurricane","2018-03-29T15:35:56Z"
"Where The Hood At","DMX ","The Best Of DMX","2018-03-29T15:35:56Z"
"Follow My Feet","The Unlikely Candidates ","Follow My Feet EP","2018-03-29T15:35:56Z"
"We Could Be","The Hunna ","We Could Be","2018-03-29T15:35:56Z"
"Not a One","The Young Wild ","All the Luck","2018-03-29T15:35:56Z"
"Silver","RKDN ","Silver","2018-03-29T15:35:56Z"
"There Will Be Time","Mumford & Sons Baaba Maal ","There Will Be Time","2018-03-29T15:35:56Z"
"Go Big Or Go Home","American Authors ","What We Live For","2018-03-29T15:35:56Z"
"Pride","American Authors ","What We Live For","2018-03-29T15:35:56Z"
"Welcome To Your Life","Grouplove ","Welcome To Your Life","2018-03-29T15:35:56Z"
"Re-arrange","Biffy Clyro ","Ellipsis","2018-03-29T15:35:56Z"
"What We Live For","American Authors ","What We Live For","2018-03-29T15:35:56Z"
"Only Love","Ben Howard ","Every Kingdom","2018-03-29T15:35:56Z"
"Knuckles","Moose Blood ","Knuckles","2018-03-29T15:35:56Z"
"We Do","LANCO ","LANco","2018-03-29T15:35:56Z"
"We Do","LANCO ","LANCO - EP","2018-03-29T15:35:56Z"
"Favorite Liar","The Wrecks ","We Are the Wrecks","2018-03-29T15:35:56Z"
"Slide","The Goo Goo Dolls ","Greatest Hits Volume One - The Singles","2018-03-29T15:35:56Z"
"Alaska","Maggie Rogers ","Alaska","2018-03-29T15:35:56Z"
"I Want You to Know","Atlas Road Crew ","Halfway to Hopkins","2018-03-29T15:35:56Z"
"Let's Run Away","Matt and Kim ","WE WERE THE WEIRDOS","2018-03-29T15:35:56Z"
"Drink to That All Night","Jerrod Niemann ","High Noon","2018-03-29T15:35:56Z"
"Make You Miss Me","Sam Hunt ","Montevallo","2018-03-29T15:35:56Z"
"Cynical","blink-182 ","California","2018-03-29T15:35:56Z"
"Anything Goes","Florida Georgia Line ","Anything Goes","2018-03-29T15:35:56Z"
"Sippin’ On Fire","Florida Georgia Line ","Anything Goes","2018-03-29T15:35:56Z"
"Good Good","Florida Georgia Line ","Anything Goes","2018-03-29T15:35:56Z"
"Round Here","Florida Georgia Line ","Here's To The Good Times...This Is How We Roll","2018-03-29T15:35:56Z"
"H.O.L.Y.","Florida Georgia Line ","H.O.L.Y.","2018-03-29T15:35:56Z"
"Ride","Twenty One Pilots ","Blurryface","2018-03-29T15:35:56Z"
"American Country Love Song","Jake Owen ","American Country Love Song","2018-03-29T15:35:56Z"
"Unwell","Matchbox Twenty ","More Than You Think You Are","2018-03-29T15:35:56Z"
"Dead Century","Wildlife ","Dead Century","2018-03-29T15:35:56Z"
"OctaHate","Ryn Weaver ","The Fool","2018-03-29T15:35:56Z"
"Heart In Two","Reuben And The Dark ","Heart In Two","2018-03-29T15:35:56Z"
"Lean On","Openside ","Lean On","2018-03-29T15:35:56Z"
"Giants","Matt Nathanson ","Show Me Your Fangs","2018-03-29T15:35:56Z"
"Pierre","Ryn Weaver ","The Fool","2018-03-29T15:35:56Z"
"No Future","blink-182 ","No Future","2018-03-29T15:35:56Z"
"Without Me","Eminem ","Suicide Squad: The Album","2018-03-29T15:35:56Z"
"Bohemian Rhapsody","Panic! At The Disco ","Suicide Squad: The Album","2018-03-29T15:35:56Z"
"11 Blocks","Wrabel ","11 Blocks","2018-03-29T15:35:56Z"
"Bonfire","The Hunna ","Bonfire","2018-03-29T15:35:56Z"
"Drive","Glades ","Drive","2018-03-29T15:35:56Z"
"Oxygen","Catfish and the Bottlemen ","The Ride","2018-03-29T15:35:56Z"
"Airplanes (feat. Hayley Williams of Paramore)","B.o.B Hayley Williams ","B.o.B Presents: The Adventures of Bobby Ray","2018-03-29T15:35:56Z"
"Heathens","Twenty One Pilots ","Heathens","2018-03-29T15:35:56Z"
"Goodbye Angels","Red Hot Chili Peppers ","The Getaway","2018-03-29T15:35:56Z"
"Last Time","Youngblood Hawke ","Wake Up","2018-03-29T15:35:56Z"
"Troublemaker","Grizfolk ","Troublemaker","2018-03-29T15:35:56Z"
"BKCBD","The Blancos ","BKCBD","2018-03-29T15:35:56Z"
"Watercolors","machineheart ","In Your Dreams","2018-03-29T15:35:56Z"
"Blue Blue Blue","Mike Slap ","Blue Blue Blue","2018-03-29T15:35:56Z"
"Burn It Down","Fitz and The Tantrums ","Fitz and The Tantrums","2018-03-29T15:35:56Z"
"Fall","Palisades ","Fall","2018-03-29T15:35:56Z"
"Bottoms Up","Brantley Gilbert ","Just As I Am (Platinum Edition)","2018-03-29T15:35:56Z"
"Soundcheck","Catfish and the Bottlemen ","Soundcheck","2018-03-29T15:35:56Z"
"All We Ever Knew","The Head and the Heart ","All We Ever Knew","2018-03-29T15:35:56Z"
"Long Live Tonight","LANCO ","LANCO - EP","2018-03-29T15:35:56Z"
"29","Run River North ","Drinking from a Salt Pond","2018-03-29T15:35:56Z"
"Sound of Change","Dirty Heads ","Sound of Change","2018-03-29T15:35:56Z"
"25 To Life","Eminem ","Recovery","2018-03-29T15:35:56Z"
"Roll Up","Fitz and The Tantrums ","Roll Up","2018-03-29T15:35:56Z"
"Live While I Breathe","The Moth & The Flame ","Young & Unafraid EP","2018-03-29T15:35:56Z"
"Nerve","DON BROCO ","Automatic (Deluxe)","2018-03-29T15:35:56Z"
"Sincerely","Stephen ","Sincerely","2018-03-29T15:35:56Z"
"Modern Love","Apollo LTD ","EP","2018-03-29T15:35:56Z"
"Fever","Royal Tusk ","DealBreaker","2018-03-29T15:35:56Z"
"Still Got Blood","The Hunna ","Still Got Blood","2018-03-29T15:35:56Z"
"Don't You Cry For Me","Cobi ","Don't You Cry For Me","2018-03-29T15:35:56Z"
"Undercover Martyn","Two Door Cinema Club ","Tourist History","2018-03-29T15:35:56Z"
"Anna Sun","WALK THE MOON ","Walk The Moon","2018-03-29T15:35:56Z"
"Icarus","Bastille ","All This Bad Blood","2018-03-29T15:35:56Z"
"You Haunt Me - SoySauce Edition","Sir Sly ","You Haunt Me (Remixes)","2018-03-29T15:35:56Z"
"Hurt Me (2015)","Låpsley ","Hurt Me","2018-03-29T15:35:56Z"
"Time Will Tell","Lincoln Jesser Samuel Jacob ","Time Will Tell","2018-03-29T15:35:56Z"
"Solemn Oath","Band of Horses ","Solemn Oath","2018-03-29T15:35:56Z"
"Once in a While","Timeflies ","Once in a While","2018-03-29T15:35:56Z"
"Fallout","Catfish and the Bottlemen ","The Balcony","2018-03-29T15:35:56Z"
"The Woman","Bo Baskoro ","The Woman","2018-03-29T15:35:57Z"
"Moneygrabber","Fitz and The Tantrums ","Pickin' up the Pieces","2018-03-29T15:35:57Z"
"Another You","Armin van Buuren Mr. Probz ","Another You","2018-03-29T15:35:57Z"
"Not Afraid","Eminem ","Recovery","2018-03-29T15:35:57Z"
"X Gon' Give It To Ya","DMX ","The Best Of DMX","2018-03-29T15:35:57Z"
"This Is What You Came For","Calvin Harris Rihanna ","This Is What You Came For","2018-03-29T15:35:57Z"
"'Till I Collapse","Eminem Nate Dogg ","The Eminem Show (Explicit Version)","2018-03-29T15:35:57Z"
"Until The World Goes Cold","Trivium ","Silence In The Snow (Special Edition)","2018-03-29T15:35:57Z"
"Back 2 U","Steve Aoki Boehm WALK THE MOON ","Back 2 U","2018-03-29T15:35:57Z"
"Couldn't Believe","Broods ","Couldn't Believe","2018-03-29T15:35:57Z"
"Little Games","The Colourist ","The Colourist","2018-03-29T15:35:57Z"
"We Still In This Bitch (feat. T.I. and Juicy J)","B.o.B Juicy J T.I. ","We Still In This Bitch (feat. T.I.and Juicy J)","2018-03-29T15:35:57Z"
"Raging","Kygo Kodaline ","Cloud Nine","2018-03-29T15:35:57Z"
"Ghost - Lost Kings Remix","Halsey Lost Kings ","Room 93: The Remixes","2018-03-29T15:35:57Z"
"POWER","Kanye West ","My Beautiful Dark Twisted Fantasy","2018-03-29T15:35:57Z"
"Careless","Vacation Manor ","Careless","2018-03-29T15:35:57Z"
"Surrender","ISLE ","Surrender","2018-03-29T15:35:57Z"
"Choke","King Charles ","Gamble for a Rose","2018-03-29T15:35:57Z"
"Freakin' Me Out","The Mowgli's ","Freakin' Me Out","2018-03-29T15:35:57Z"
"Fall Together","The Temper Trap ","Fall Together","2018-03-29T15:35:57Z"
"Pretty Things","Adam Friedman ","Pretty Things","2018-03-29T15:35:57Z"
"We Don't Have To Dance","Andy Black ","We Don't Have To Dance","2018-03-29T15:35:57Z"
"What We Live For","American Authors ","What We Live For","2018-03-29T15:35:57Z"
"You and I","Pvris ","You and I","2018-03-29T15:35:57Z"
"Just Like Fire (From the Original Motion Picture "Alice Through The Looking Glass")","P!nk ","Just Like Fire (From the Original Motion Picture "Alice Through The Looking Glass")","2018-03-29T15:35:57Z"
"Imperfect Me","Boyce Avenue ","Road Less Traveled","2018-03-29T15:35:57Z"
"Amerika","Young the Giant ","Amerika","2018-03-29T15:35:57Z"
"Overnight","The Wild Feathers ","Lonely Is A Lifetime","2018-03-29T15:35:57Z"
"Crash (feat. Pell)","Skizzy Mars Pell ","Alone Together","2018-03-29T15:35:57Z"
"Ophelia","The Lumineers ","Cleopatra (Deluxe)","2018-03-29T15:35:57Z"
"Cleopatra","The Lumineers ","Cleopatra (Deluxe)","2018-03-29T15:35:57Z"
"You & Me","The Hunna ","You & Me","2018-03-29T15:35:57Z"
"Leather Jacket - Jack Novak & Stravy Remix/Extended Version","Arkells ","Leather Jacket (Jack Novak & Stravy Remix)","2018-03-29T15:35:57Z"
"Happy Home","Lukas Graham ","Lukas Graham","2018-03-29T15:35:57Z"
"Raging","Kygo Kodaline ","Raging","2018-03-29T15:35:57Z"
"LIKE I WOULD","ZAYN ","Mind Of Mine (Deluxe Edition)","2018-03-29T15:35:57Z"
"Bullets in the Wind","Mantaraybryn ","Dark Shapes in the Water","2018-03-29T15:35:57Z"
"Lions","Coasts ","Coasts (Deluxe)","2018-03-29T15:35:57Z"
"Chemical Sweat","Elliot Root ","Thoughts From Yesterday","2018-03-29T15:35:57Z"
"Sweater Weather - The Voice Performance","Taylor Phelan ","Sweater Weather (The Voice Performance)","2018-03-29T15:35:57Z"
"Sail Up The Sun","Dylan Owen ","There's More To Life","2018-03-29T15:35:57Z"
"On And On","The Score ","On And On","2018-03-29T15:35:57Z"
"Lonely With Me","Parachute ","Wide Awake","2018-03-29T15:35:57Z"
"Long Time (feat. Quavo)","Ty Dolla $ign Quavo ","Free TC (Deluxe)","2018-03-29T15:35:57Z"
"Cleopatra","The Lumineers ","Cleopatra","2018-03-29T15:35:57Z"
"Share The World","SPZRKT ","Bonfire","2018-03-29T15:35:57Z"
"PILLOWTALK","ZAYN ","PILLOWTALK","2018-03-29T15:35:57Z"
"Black Balloon","The Goo Goo Dolls ","Greatest Hits Volume One - The Singles","2018-03-29T15:35:57Z"
"Let Love In","The Goo Goo Dolls ","Greatest Hits Volume One - The Singles","2018-03-29T15:35:57Z"
"2 Heads","Coleman Hell ","Coleman Hell","2018-03-29T15:35:57Z"
"Higher","Creed ","Greatest Hits","2018-03-29T15:35:57Z"
"Tied","Strangers You Know ","Loosen up the Leash","2018-03-29T15:35:57Z"
"Roses","The Chainsmokers ROZES ","Roses","2018-03-29T15:35:57Z"
"Saved (feat. E-40)","Ty Dolla $ign E-40 ","Free TC","2018-03-29T15:35:57Z"
"LIKE I WOULD","ZAYN ","LIKE I WOULD","2018-03-29T15:35:57Z"
"Verbatim","Blackbear ","Help","2018-03-29T15:35:57Z"
"Don't Stop","Blackbear ","Help","2018-03-29T15:35:57Z"
"I Took A Pill In Ibiza - Seeb Remix","Mike Posner ","The Truth (Remixes)","2018-03-29T15:35:57Z"
"Colors","Halsey ","BADLANDS (Deluxe)","2018-03-29T15:35:57Z"
"A Wonderful Life","Brian Fallon ","Painkillers","2018-03-29T15:35:57Z"
"Nobody Wins","Brian Fallon ","Painkillers","2018-03-29T15:35:57Z"
"Sober","Niykee Heaton ","Bad Intentions","2018-03-29T15:35:57Z"
"Up Up Up","GIVERS ","In Light","2018-03-29T15:35:57Z"
"Way Down We Go","Kaleo ","Way Down We Go","2018-03-29T15:35:57Z"
"90210","Blackbear G-Eazy ","Deadroses","2018-03-29T15:35:57Z"
"Doors","Cardiknox ","Doors","2018-03-29T15:35:57Z"
"Elastic Heart","Longfellow ","Elastic Heart","2018-03-29T15:35:57Z"
"Amadeus","Family and Friends ","XOXO","2018-03-29T15:35:57Z"
"Be As You Are","Mike Posner ","The Truth","2018-03-29T15:35:57Z"
"Strong Enough","Too Far Moon ","Part_001 Lunar Shadows","2018-03-29T15:35:57Z"
"You Could Never Let Me Down","Northcote ","You Could Never Let Me Down","2018-03-29T15:35:57Z"
"Don't Let Me Down","The Chainsmokers Daya ","Don't Let Me Down","2018-03-29T15:35:57Z"
"Bird Set Free","Sia ","This Is Acting","2018-03-29T15:35:57Z"
"Make You Mine","High Valley ","Make You Mine","2018-03-29T15:35:57Z"
"21","Hunter Hayes ","The 21 Project","2018-03-29T15:35:57Z"
"The Sound","The 1975 ","The Sound","2018-03-29T15:35:57Z"
"Gangsta Walk","SNBRN Nate Dogg ","Gangsta Walk","2018-03-29T15:35:57Z"
"I Wanna Get Better","Bleachers Tinashe ","Terrible Thrills, Vol. 2","2018-03-29T15:35:57Z"
"Reaper","Sia ","This Is Acting","2018-03-29T15:35:57Z"
"Cheap Thrills","Sia ","This Is Acting","2018-03-29T15:35:57Z"
"G.O.M.D. - Live","J. Cole ","Forest Hills Drive: Live from Fayetteville, NC","2018-03-29T15:35:57Z"
"Heading Home","Gryffin Josef Salvat ","Heading Home","2018-03-29T15:35:57Z"
"Back To You","Twin Forks ","EP","2018-03-29T15:35:57Z"
"Fast Car","Jonas Blue Dakota ","Fast Car","2018-03-29T15:35:57Z"
"Temple - Hitimpulse Remix","Parson James ","Temple (Hitimpulse Remix)","2018-03-29T15:35:57Z"
"America's Sweetheart","Elle King ","Love Stuff","2018-03-29T15:35:57Z"
"Billie Jean","EDEN ","Billie Jean","2018-03-29T15:35:57Z"
"Unstoppable","Sia ","Unstoppable","2018-03-29T15:35:57Z"
"Reelin","Iration ","Hotting Up","2018-03-29T15:35:57Z"
"Small Talk","Call Security ","To Whom It May Concern,","2018-03-29T15:35:57Z"
"Ares","Winters Island ","Ares","2018-03-29T15:35:57Z"
"Nicknames & Lovers","Jack Moy ","All Alone On A Monday","2018-03-29T15:35:57Z"
"Visions","Cheat Codes ","Visions","2018-03-29T15:35:57Z"
"Hurricane","Halsey ","BADLANDS (Deluxe)","2018-03-29T15:35:57Z"
"Critical Mistakes","888 ","The Decades EP","2018-03-29T15:35:57Z"
"Grapevine Valentine","Kingsfoil ","A Beating Heart Is a Bleeding Heart","2018-03-29T15:35:57Z"
"Reaper","Sia ","Reaper","2018-03-29T15:35:57Z"
"Cold Cold Cold","Cage The Elephant ","Tell Me I'm Pretty","2018-03-29T15:35:57Z"
"Aubrey","Armors ","Collisions","2018-03-29T15:35:57Z"
"Start A Riot","BANNERS ","Start A Riot","2018-03-29T15:35:57Z"
"Goner","Twenty One Pilots ","Blurryface","2018-03-29T15:35:57Z"
"Hymn For The Weekend","Coldplay ","A Head Full Of Dreams","2018-03-29T15:35:57Z"
"Fear","Ben Rector ","Brand New","2018-03-29T15:35:57Z"
"Brand New","Ben Rector ","Brand New","2018-03-29T15:35:57Z"
"Tell Me What You Want from Me","Good Old War ","Broken into Better Shape","2018-03-29T15:35:57Z"
"Give Me A Try","The Wombats ","Glitterbug","2018-03-29T15:35:57Z"
"Under The Lights","Cassio Monroe ","Under The Lights","2018-03-29T15:35:57Z"
"Set On Fire","MAGIC GIANT ","Set On Fire","2018-03-29T15:35:57Z"
"Pride","American Authors ","Pride","2018-03-29T15:35:57Z"
"Shipboard Cook","Third Eye Blind ","Dopamine","2018-03-29T15:35:57Z"
"Brother (feat. Gavin DeGraw)","NEEDTOBREATHE Gavin DeGraw ","Brother","2018-03-29T15:35:57Z"
"Superman","Ivory Layne ","Something's Gonna Happen","2018-03-29T15:35:57Z"
"Wild Things","Alessia Cara ","Know-It-All (Deluxe)","2018-03-29T15:35:57Z"
"Looking Up","SafetySuit ","Looking Up","2018-03-29T15:35:57Z"
"Am I Alive","From Indian Lakes ","Absent Sounds","2018-03-29T15:35:57Z"
"Hypnotized","Fever Fever ","Aftermath","2018-03-29T15:35:57Z"
"The First Single","The Format ","EP","2018-03-29T15:35:57Z"
"Until We Can't (Let's Go)","Passion Pit ","Kindred","2018-03-29T15:35:57Z"
"Shine A Light","BANNERS ","Shine A Light","2018-03-29T15:35:57Z"
"Overdrive","Fightstar ","Overdrive","2018-03-29T15:35:57Z"
"Ten Feet Tall","Afrojack Wrabel ","Forget The World","2018-03-29T15:35:57Z"
"Temple - Lenno Remix","Parson James ","Temple (Lenno Remix)","2018-03-29T15:35:57Z"
"Volcano","The Vamps Silentó ","Wake Up (Deluxe)","2018-03-29T15:35:57Z"
"Saint Cecilia","Foo Fighters ","Saint Cecilia EP","2018-03-29T15:35:57Z"
"Pull Me Up","KYKO ","Pull Me Up","2018-03-29T15:35:57Z"
"LA Devotee","Panic! At The Disco ","LA Devotee","2018-03-29T15:35:57Z"
"Put It Down (feat. Anderson .Paak & Krne)","TOKiMONSTA Anderson .Paak KRANE ","Put It Down (feat. Anderson .Paak & KRNE)","2018-03-29T15:35:57Z"
"Boom (feat. MOTi, Ty Dolla $ign, Wizkid, & Kranium)","Major Lazer MOTi Ty Dolla $ign WizKid Kranium ","Peace Is The Mission (Extended)","2018-03-29T15:35:57Z"
"Back Home","Andy Grammer ","Magazines Or Novels (Deluxe Edition)","2018-03-29T15:35:57Z"
"Chills","Down With Webster ","Party For Your Life","2018-03-29T15:35:57Z"
"Hotel Ceiling","Rixton ","Let The Road","2018-03-29T15:35:57Z"
"Add It Up - Original","This Club ","Highlife","2018-03-29T15:35:57Z"
"South","Hippo Campus ","South - Single","2018-03-29T15:35:57Z"
"push pull","Purity Ring ","another eternity","2018-03-29T15:35:57Z"
"Green Eyes","Elias ","Warcry","2018-03-29T15:35:57Z"
"Made of Dreams","Brandyn Burnette ","Made of Dreams - EP","2018-03-29T15:35:57Z"
"Boulevard Of Broken Dreams - feat. John Gallagher Jr., Rebecca Naomi Jones, Stark Sands, Company [Album Version]","Green Day ","The Original Broadway Cast Recording 'American Idiot' Featuring Green Day","2018-03-29T15:35:57Z"
"Iris","The Goo Goo Dolls ","Greatest Hits Volume One - The Singles","2018-03-29T15:35:57Z"
"All My Friends","Snakehips Tinashe Chance The Rapper ","All My Friends","2018-03-29T15:35:57Z"
"Sunrise","Our Last Night ","Oak Island","2018-03-29T15:35:57Z"
"Cannonball","Skylar Grey X Ambassadors ","Cannonball","2018-03-29T15:35:57Z"
"We Come Running","Youngblood Hawke ","Youngblood Hawke","2018-03-29T15:35:57Z"
"Knock Me Out","Fancy Reagan ","Knock Me Out","2018-03-29T15:35:57Z"
"Not a One","The Young Wild ","Not a One","2018-03-29T15:35:57Z"
"YOUTH","Troye Sivan ","YOUTH","2018-03-29T15:35:57Z"
"Welcome","Fort Minor ","Welcome","2018-03-29T15:35:57Z"
"Red Violins","The Gaslight Anthem ","Get Hurt","2018-03-29T15:35:57Z"
"Trampoline","The Unlikely Candidates ","Follow My Feet EP","2018-03-29T15:35:57Z"
"Lightning Crashes","Live ","Awake The Best Of Live","2018-03-29T15:35:57Z"
"Walking Stick","The Painted Pianos ","Roses","2018-03-29T15:35:57Z"
"Anything","Hedley ","Wild Life","2018-03-29T15:35:57Z"
"Sippy Cup","Melanie Martinez ","Cry Baby (Deluxe)","2018-03-29T15:35:57Z"
"Dollhouse","Melanie Martinez ","Cry Baby (Deluxe)","2018-03-29T15:35:57Z"
"Cry Baby","Melanie Martinez ","Cry Baby (Deluxe)","2018-03-29T15:35:57Z"
"Hopeless Opus","Imagine Dragons ","Smoke + Mirrors (Deluxe)","2018-03-29T15:35:57Z"
"There's a Place","The All-American Rejects ","There's A Place","2018-03-29T15:35:57Z"
"Hello","Adele ","Hello","2018-03-29T15:35:57Z"
"Spotlight","Machine Gun Kelly Lzzy Hale ","General Admission","2018-03-29T15:35:57Z"
"Doin' What She Likes","Blake Shelton ","Reloaded: 20 #1 Hits","2018-03-29T15:35:57Z"
"Force of Nature","Bea Miller ","Not An Apology","2018-03-29T15:35:57Z"
"Waste The Night","5 Seconds of Summer ","Sounds Good Feels Good (Deluxe)","2018-03-29T15:35:57Z"
"Doctor","Truslow ","Hurricane","2018-03-29T15:35:57Z"
"Sunburns","Fences ","Lesser Oceans","2018-03-29T15:35:57Z"
"Magic Mountain","firekid ","firekid","2018-03-29T15:35:57Z"
"Talking Body","Tove Lo ","Queen Of The Clouds (Blueprint Edition)","2018-03-29T15:35:57Z"
"End Credits","EDEN ","End Credits","2018-03-29T15:35:57Z"
"Dream - Jorgen Odegard Remix","Imagine Dragons ","Dream (Jorgen Odegard Remix)","2018-03-29T15:35:57Z"
"Animals","KYKO ","Animals","2018-03-29T15:35:57Z"
"Buttons","The Weeks ","Buttons","2018-03-29T15:35:57Z"
"Suitcase - Live At The Cherrytree House/2013","Matthew Koma ","The Cherrytree Sessions","2018-03-29T15:35:57Z"
"Why Don't You Love Me","New Hollow ","Why Don't You Love Me","2018-03-29T15:35:57Z"
"Stay A Little Longer","Brothers Osborne ","Stay A Little Longer","2018-03-29T15:35:57Z"
"Uh Huh","ROMANS ","Uh Huh","2018-03-29T15:35:57Z"
"Blindside","Hunter Hunted ","Blindside","2018-03-29T15:35:57Z"
"I'm Good","The Mowgli's ","Kids In Love","2018-03-29T15:35:57Z"
"Hallelujah","Panic! At The Disco ","Hallelujah","2018-03-29T15:35:57Z"
"Homesick","Catfish and the Bottlemen ","The Balcony","2018-03-29T15:35:57Z"
"Unconsolable","X Ambassadors ","Love Songs Drug Songs","2018-03-29T15:35:57Z"
"Love Songs Drug Songs","X Ambassadors ","Love Songs Drug Songs","2018-03-29T15:35:57Z"
"Radioactive Swimming Pools","Isosine ","Mashup Manifesto III","2018-03-29T15:35:57Z"
"Passenger","Imad Royal ","Cycles","2018-03-29T15:35:57Z"
"Running Back To You","For The Foxes Allison Weiss ","Running Back To You","2018-03-29T15:35:57Z"
"Do I (Where We Are)","Cherub ","100 Bottles","2018-03-29T15:35:57Z"
"Brother","Matt Corby ","Into The Flame","2018-03-29T15:35:57Z"
"Like I Can","Sam Smith ","In The Lonely Hour","2018-03-29T15:35:57Z"
"Hide and Seek","Imogen Heap ","Speak for Yourself (Deluxe Version)","2018-03-29T15:35:57Z"
"Heads/tails","Hotspur ","You Should Know Better by Now","2018-03-29T15:35:57Z"
"Mistakes Like This","Prelow ","Why Does Everything Happen So Much EP","2018-03-29T15:35:57Z"
"Wait","NF ","Mansion","2018-03-29T15:35:57Z"
"Crave","Parachute ","Crave","2018-03-29T15:35:57Z"
"Style X Blank Space","Glassworks ","Can't Pick One","2018-03-29T15:35:57Z"
"Lay By Me","firekid ","Lay By Me","2018-03-29T15:35:57Z"
"Bad Blood","Ryan Adams ","Bad Blood","2018-03-29T15:35:57Z"
"I Knew You Were Trouble","We Came As Romans ","Punk Goes Pop, Vol. 6","2018-03-29T15:35:57Z"
"Silhouettes","Colony House ","When I Was Younger","2018-03-29T15:35:57Z"
"California Love","SomeKindaWonderful ","SomeKindaWonderful","2018-03-29T15:35:57Z"
"Blank Space","I Prevail ","Blank Space","2018-03-29T15:35:57Z"
"Hollow Tune","Brick + Mortar ","Hollow Tune","2018-03-29T15:35:57Z"
"End of the World","Dirty Heads ","Sound of Change","2018-03-29T15:35:57Z"
"Thanks For Nothing","Brandyn Burnette ","Thanks For Nothing","2018-03-29T15:35:57Z"
"Ignition / Do You... (Mashup)","Phoebe Ryan ","Mine EP","2018-03-29T15:35:57Z"
"Mine","Phoebe Ryan ","Mine EP","2018-03-29T15:35:57Z"
"Cardiac Arrest","Bad Suns ","Language & Perspective","2018-03-29T15:35:57Z"
"High Strung","Shy Technology ","Where We Go from Here","2018-03-29T15:35:57Z"
"Monaco","Audien RUMORS ","Daydreams","2018-03-29T15:35:57Z"
"Bad Chick","SoMo ","My Life II","2018-03-29T15:35:57Z"
"Tonight","Coasts ","Tonight","2018-03-29T15:35:57Z"
"Can't Sleep","Gary Clark Jr. ","The Story of Sonny Boy Slim","2018-03-29T15:35:57Z"
"Follow You","Bring Me The Horizon ","That's The Spirit","2018-03-29T15:35:57Z"
"Lemon Eyes","Meg Myers ","Lemon Eyes","2018-03-29T15:35:57Z"
"Blank Space/Stand By Me - Live From Spotify London","Imagine Dragons ","Imagine Dragons (Spotify Sessions)","2018-03-29T15:35:57Z"
"Oceans","Coasts ","Coasts","2018-03-29T15:35:57Z"
"House On Fire","Ryan Cabrera ","House On Fire","2018-03-29T15:35:57Z"
"Nobody Praying For Me","Seether ","Isolate And Medicate","2018-03-29T15:35:57Z"
"Cigarette Daydreams","Cage The Elephant ","Melophobia","2018-03-29T15:35:57Z"
"Miles Away","The Maine ","American Candy","2018-03-29T15:35:57Z"
"WILD","Troye Sivan ","WILD","2018-03-29T15:35:57Z"
"Goodbye","Who Is Fancy ","Goodbye","2018-03-29T15:35:57Z"
"Molecules","Atlas Genius ","Inanimate Objects","2018-03-29T15:35:57Z"
"The Stone Mill","Atlas Genius ","Inanimate Objects","2018-03-29T15:35:57Z"
"Pretend We're In A Movie","New Politics ","Vikings","2018-03-29T15:35:57Z"
"All The Way","Timeflies ","After Hours","2018-03-29T15:35:57Z"
"Mine","Third Eye Blind ","Mine","2018-03-29T15:35:57Z"
"Worse Things Than Love","Timeflies Natalie La Rose ","Worse Things Than Love","2018-03-29T15:35:57Z"
"15 Dreams","New Politics ","Vikings","2018-03-29T15:35:57Z"
"West End Kids","New Politics ","Vikings","2018-03-29T15:35:57Z"
"Real Life","The Weeknd ","Beauty Behind The Madness","2018-03-29T15:35:57Z"
"I Wanna Get Better","Bleachers ","Strange Desire","2018-03-29T15:35:57Z"
"Luck","American Authors ","Oh, What A Life","2018-03-29T15:35:57Z"
"Hey Now","Matt and Kim ","New Glow","2018-03-29T15:35:57Z"
"Daylight","Matt and Kim ","Grand","2018-03-29T15:35:57Z"
"Often","The Weeknd ","Beauty Behind The Madness","2018-03-29T15:35:57Z"
"Falling Faster","Andrew Ripp ","Andrew Ripp - EP","2018-03-29T15:35:57Z"
"Roots","Imagine Dragons ","Roots","2018-03-29T15:35:57Z"
"Makeba","Jain ","Hope - EP","2018-03-29T15:35:57Z"
"Jet Black Heart","5 Seconds of Summer ","Jet Black Heart","2018-03-29T15:35:57Z"
"Real Life","The Weeknd ","Beauty Behind The Madness","2018-03-29T15:35:57Z"
"Dreaming","Smallpools ","Smallpools","2018-03-29T15:35:57Z"
"Sinner Like You","Parson James ","Sinner Like You","2018-03-29T15:35:57Z"
"I've Been Bored","Superheaven ","Ours Is Chrome","2018-03-29T15:35:57Z"
"Chemical","Jack Garratt ","Chemical","2018-03-29T15:35:57Z"
"Kings","Tribe Society ","Lucid Dreams","2018-03-29T15:35:57Z"
"Habits (Stay High)","Young Rising Sons ","The High EP","2018-03-29T15:35:57Z"
"Ghost","Halsey ","Room 93","2018-03-29T15:35:57Z"
"Cocoon","Catfish and the Bottlemen ","Cocoon","2018-03-29T15:35:57Z"
"Finna Get Loose","Diddy Pharrell Williams ","Finna Get Loose (feat. Pharrell Williams) - Single","2018-03-29T15:35:57Z"
"May I Miss You","Family of the Year ","May I Miss You","2018-03-29T15:35:57Z"
"R.I.P. 2 My Youth","The Neighbourhood ","R.I.P. 2 My Youth","2018-03-29T15:35:57Z"
"JAY Z","Goodbye Tomorrow ","A Journey Through The Mind Of A Non Believer","2018-03-29T15:35:57Z"
"Back and Forth","B.o.B ","Psycadelik Thoughtz","2018-03-29T15:35:57Z"
"Quiet Little Voices","We Were Promised Jetpacks ","These Four Walls","2018-03-29T15:35:57Z"
"11:11","Arkells ","High Noon","2018-03-29T15:35:57Z"
"Hold Me Down","Halsey ","Hold Me Down","2018-03-29T15:35:57Z"
"Nikki","Logic ","Under Pressure (Deluxe)","2018-03-29T15:35:57Z"
"Chasing Twisters","Delta Rae ","After It All","2018-03-29T15:35:57Z"
"Starving for Friends","Slaves ","Through Art We Are All Equals","2018-03-29T15:35:57Z"
"Craving","James Bay ","Chaos And The Calm","2018-03-29T15:35:57Z"
"Panic Switch","Silversun Pickups ","Swoon","2018-03-29T15:35:57Z"
"Drinking About You","Ryan Oakes ","The Ryan Oakes Project","2018-03-29T15:35:57Z"
"Sleeping Sickness","City and Colour ","Bring Me Your Love (Special Edition)","2018-03-29T15:35:57Z"
"Magic Mountain","firekid ","Magic Mountain","2018-03-29T15:35:57Z"
"The Permanent Rain","The Dangerous Summer ","Reach For The Sun","2018-03-29T15:35:57Z"
"Alienation","Morning Parade ","Pure Adulterated Joy","2018-03-29T15:35:57Z"
"Where'd You Go (feat. Holly Brook & Jonah Matranga)","Fort Minor Holly Brook Jonah Matranga ","The Rising Tied (Deluxe Version)","2018-03-29T15:35:57Z"
"21","Hunter Hayes ","21","2018-03-29T15:35:57Z"
"Razor Blade","Luke Bryan ","Kill The Lights","2018-03-29T15:35:57Z"
"Home Alone Tonight","Luke Bryan Karen Fairchild ","Kill The Lights","2018-03-29T15:35:57Z"
"Better Days","Robert DeLong ","Better Days","2018-03-29T15:35:57Z"
"Angel","Theory of a Deadman ","Savages","2018-03-29T15:35:57Z"
"Stayin Out All Night - Boys of Zummer Remix","Wiz Khalifa Fall Out Boy ","Stayin Out All Night (Boys Of Zummer Remix)","2018-03-29T15:35:57Z"
"Bang Bang","Lawrence Taylor ","Bang Bang - Single","2018-03-29T15:35:57Z"
"Coming Over - filous Remix","James Hersey filous ","Coming Over (filous Remix)","2018-03-29T15:35:57Z"
"DNA","Clairity ","Alienation","2018-03-29T15:35:57Z"
"All These Things That I've Done","The Killers ","Hot Fuss","2018-03-29T15:35:57Z"
"Daylight","Young Guns ","Ones And Zeros (Deluxe)","2018-03-29T15:35:57Z"
"Let's Go","The Family Ruin ","Dearly Departed","2018-03-29T15:35:57Z"
"Throne","Bring Me The Horizon ","Throne","2018-03-29T15:35:57Z"
"Paris","Magic Man ","Before the Waves","2018-03-29T15:35:57Z"
"The World I Used to Know","We Came As Romans ","The World I Used to Know","2018-03-29T15:35:57Z"
"Seventeen","Sjowgren ","Seventeen","2018-03-29T15:35:57Z"
"Jordan Belfort (feat. Dyl)","Wes Walker Dyl ","Jordan Belfort (feat. Dyl)","2018-03-29T15:35:57Z"
"Renegades","X Ambassadors ","VHS","2018-03-29T15:35:57Z"
"Diamonds in the Dark","Dark Waves ","Diamonds in the Dark","2018-03-29T15:35:57Z"
"Invisible Prisons","Zeale Justin Furstenfeld ","FRNZ & FNGZ","2018-03-29T15:35:57Z"
"American You","Yelawolf ","Love Story","2018-03-29T15:35:57Z"
"Stranger","Hearts Like Lions ","These Hands - EP","2018-03-29T15:35:57Z"
"Sacred Organs","Ghost Atlas ","Gold Soul Coma","2018-03-29T15:35:57Z"
"Cops Come","Northern Faces ","Cops Come","2018-03-29T15:35:57Z"
"Greatness","THE GRTNS ","Greatness - Single","2018-03-29T15:35:57Z"
"A Little More","Machine Gun Kelly Victoria Monet ","A Little More","2018-03-29T15:35:57Z"
"Cruise","Florida Georgia Line ","Here's To The Good Times","2018-03-29T15:35:57Z"
"Wherever You Go","Sublime With Rome ","Sirens","2018-03-29T15:35:57Z"
"My Way (feat. Monty)","Fetty Wap Monty ","My Way (feat. Monty)","2018-03-29T15:35:57Z"
"Secrets","State Champs ","Secrets","2018-03-29T15:35:57Z"
"Happy Song","Bring Me The Horizon ","Happy Song","2018-03-29T15:35:57Z"
"Febreze (feat. 2 Chainz)","Jack Ü Skrillex Diplo 2 Chainz ","Skrillex and Diplo present Jack Ü","2018-03-29T15:35:57Z"
"You Got Spirit, Kid","Coheed and Cambria ","You Got Spirit, Kid","2018-03-29T15:35:57Z"
"Flex (Ooh, Ooh, Ooh)","Rich Homie Quan ","Flex (Ooh, Ooh, Ooh) - Single","2018-03-29T15:35:57Z"
"Don't Say No (feat. Dresses)","Cheat Codes Dresses ","Don't Say No (feat. Dresses)","2018-03-29T15:35:57Z"
"Nasty Freestyle","T-Wayne ","Nasty Freestyle","2018-03-29T15:35:57Z"
"Peaches","In The Valley Below ","The Belt","2018-03-29T15:35:57Z"
"Things Happen","Dawes ","Things Happen - Single","2018-03-29T15:35:57Z"
"Waves feat. Chris Brown & T.I - Robin Schulz Remix","Mr. Probz Chris Brown T.I. Robin Schulz ","Ultra Dance 16","2018-03-29T15:35:57Z"
"Leather Jacket","Arkells ","High Noon","2018-03-29T15:35:57Z"
"Cocoon","Catfish and the Bottlemen ","The Balcony","2018-03-29T15:35:57Z"
"Devil's Whisper","Raury ","Devil's Whisper","2018-03-29T15:35:57Z"
"Kings","Tribe Society ","Delirium Sonata","2018-03-29T15:35:57Z"
"Unsteady","X Ambassadors ","VHS","2018-03-29T15:35:57Z"
"Ego","Tribe Society ","Lucid Dreams","2018-03-29T15:35:57Z"
"Where Are Ü Now (with Justin Bieber) - Marshmello Remix","Jack Ü Skrillex Diplo Justin Bieber Marshmello ","Where Are Ü Now (with Justin Bieber) [Remixes]","2018-03-29T15:35:57Z"
"The World I Used To Know","We Came As Romans ","The World I Used To Know","2018-03-29T15:35:57Z"
"Could Have Been Me","The Struts ","Everybody Wants","2018-03-29T15:35:57Z"
"Backroads","Lonely The Brave ","The Day's War","2018-03-29T15:35:57Z"
"Footsteps","Pop Evil ","Footsteps","2018-03-29T15:35:57Z"
"Boomerang","Walk Off the Earth ","Sing It All Away","2018-03-29T15:35:57Z"
"So High (feat. Ghost Loft)","Wiz Khalifa Ghost Loft ","Blacc Hollywood (Deluxe)","2018-03-29T15:35:57Z"
"Hey Mama (feat. Nicki Minaj, Bebe Rexha & Afrojack) - Boaz van de Beatz remix","David Guetta Afrojack Bebe Rexha Nicki Minaj Boaz van de Beatz remix ","Hey Mama (feat. Nicki Minaj, Bebe Rexha & Afrojack) [Boaz van de Beatz remix]","2018-03-29T15:35:57Z"
"Mess Is Mine","Vance Joy ","Dream Your Life Away","2018-03-29T15:35:57Z"
"How Hard I Try","filous James Hersey ","How Hard I Try","2018-03-29T15:35:57Z"
"Ass Drop","Wiz Khalifa ","Blacc Hollywood (Deluxe)","2018-03-29T15:35:57Z"
"I Mean It","G-Eazy Remo ","These Things Happen","2018-03-29T15:35:57Z"
"Fame Is for Assholes (feat. Chiddy)","Hoodie Allen Chiddy ","Crew Cuts","2018-03-29T15:35:57Z"
"Young, Wild & Free (feat. Bruno Mars)","Snoop Dogg Wiz Khalifa Bruno Mars ","Young, Wild & Free (feat. Bruno Mars)","2018-03-29T15:35:57Z"
"All About It (feat. Ed Sheeran)","Hoodie Allen Ed Sheeran ","People Keep Talking","2018-03-29T15:35:57Z"
"What Your Life Like","Lil Durk ","Remember My Name","2018-03-29T15:35:57Z"
"The Hills","The Weeknd ","The Hills","2018-03-29T15:35:57Z"
"Dangerous (feat. Sam Martin) - Robin Schulz Remix; Radio Edit","David Guetta Sam Martin Robin Schulz ","Listen (Deluxe)","2018-03-29T15:35:57Z"
"What I Did For Love (feat. Emeli Sandé)","David Guetta Emeli Sandé ","Listen (Deluxe)","2018-03-29T15:35:57Z"
"Trap Queen","Fetty Wap ","Trap Queen","2018-03-29T15:35:57Z"
"Bad Girls","MKTO ","Bad Girls","2018-03-29T15:35:57Z"
"Walk Away","History In The Making ","Walk Away","2018-03-29T15:35:57Z"
"Honest","Kodaline ","Coming Up for Air","2018-03-29T15:35:57Z"
"The Otherside","Red Sun Rising ","The Otherside","2018-03-29T15:35:57Z"
"2 Heads","Coleman Hell ","2 Heads","2018-03-29T15:35:57Z"
"Gonna Wanna Tonight","Chase Rice ","Ignite the Night","2018-03-29T15:35:57Z"
"Overload","Life of Dillon ","Overload","2018-03-29T15:35:57Z"
"Run","COIN ","COIN - EP","2018-03-29T15:35:57Z"
"Fall Apart","Casey James ","Fall Apart","2018-03-29T15:35:57Z"
"Unsteady","X Ambassadors ","The Reason EP","2018-03-29T15:35:57Z"
"Third Eye","Florence + The Machine ","How Big, How Blue, How Beautiful (Deluxe)","2018-03-29T15:35:57Z"
"Ho Hey","The Lumineers ","The Lumineers","2018-03-29T15:35:57Z"
"Boomerang","Walk Off the Earth ","Boomerang","2018-03-29T15:35:57Z"
"Children Of The Wild (feat. Mako)","Steve Angello Mako ","Children Of The Wild (feat. Mako)","2018-03-29T15:35:57Z"
"Phenomenal","Eminem ","Phenomenal","2018-03-29T15:35:57Z"
"Am I Wrong","Nico & Vinz ","Black Star Elephant","2018-03-29T15:35:57Z"
"Renegades","X Ambassadors ","Renegades","2018-03-29T15:35:57Z"
"Beautiful Drug","Zac Brown Band ","JEKYLL + HYDE","2018-03-29T15:35:57Z"
"We Won't","Jaymes Young Phoebe Ryan ","We Won't","2018-03-29T15:35:57Z"
"Trust You","Rob Thomas ","Trust You","2018-03-29T15:35:57Z"
"Woke The F*ck Up","Jon Bellion ","Woke The F*ck Up","2018-03-29T15:35:57Z"
"Rock, Pebble, Stone","Emery ","You Were Never Alone","2018-03-29T15:35:57Z"
"The Less You Say","Emery ","You Were Never Alone","2018-03-29T15:35:57Z"
"Smile","The Story So Far ","The Story So Far","2018-03-29T15:35:57Z"
"Doubt","Twenty One Pilots ","Blurryface","2018-03-29T15:35:57Z"
"Broke (feat. Stevie Wonder & Keith Urban)","Jason Derulo Stevie Wonder Keith Urban ","Broke (feat. Stevie Wonder & Keith Urban)","2018-03-29T15:35:57Z"
"Beautiful Now","Zedd Jon Bellion ","True Colors","2018-03-29T15:35:57Z"
"Go Big Or Go Home","American Authors ","Go Big Or Go Home","2018-03-29T15:35:57Z"
"Undiscovered - Praia Remix (From Fifty Shades Of Grey Remixed)","Laura Welsh ","Fifty Shades Of Grey Remixed","2018-03-29T15:35:57Z"
"Polarize","Twenty One Pilots ","Blurryface","2018-03-29T15:35:57Z"
"Tear In My Heart","Twenty One Pilots ","Blurryface","2018-03-29T15:35:57Z"
"The Other Side","Jason Derulo ","Tattoos [Special Edition]","2018-03-29T15:35:57Z"
"Heavydirtysoul","Twenty One Pilots ","Blurryface","2018-03-29T15:35:57Z"
"Mess Is Mine","Vance Joy ","Dream Your Life Away","2018-03-29T15:35:57Z"
"The Freshmen","The Verve Pipe ","Villains","2018-03-29T15:35:57Z"
"Back to Earth","Steve Aoki Fall Out Boy ","Neon Future I","2018-03-29T15:35:57Z"
"Wasted Life","Hinder ","When The Smoke Clears","2018-03-29T15:35:57Z"
"Letting Go","Hinder ","When The Smoke Clears","2018-03-29T15:35:57Z"
"Fucked Up","Young Rising Sons ","Fucked Up","2018-03-29T15:35:57Z"
"Come Back To Me","Urban Cone Tove Lo ","Polaroid Memories","2018-03-29T15:35:57Z"
"Narrow Mouth","The Early November ","Imbue","2018-03-29T15:35:57Z"
"I Love It When You Cry (Moxoki) - Radio Edit","Steve Aoki Moxie ","Neon Future II","2018-03-29T15:35:57Z"
"Coffee","Miguel Wale ","Coffee","2018-03-29T15:35:57Z"
"Global Concepts","Robert DeLong ","Just Movement","2018-03-29T15:35:57Z"
"Little Lion Man","Mumford & Sons ","Sigh No More","2018-03-29T15:35:57Z"
"The Cave","Mumford & Sons ","Sigh No More","2018-03-29T15:35:57Z"
"Best I Can","Art Of Dying ","Vices And Virtues","2018-03-29T15:35:57Z"
"Believe","Mumford & Sons ","Believe","2018-03-29T15:35:57Z"
"AhHa","Nate Ruess ","AhHa","2018-03-29T15:35:57Z"
"Sink or Swim","Future Leaders of the World ","Reveal","2018-03-29T15:35:57Z"
"Don't Wake Me","Aranda ","Don't Wake Me","2018-03-29T15:35:57Z"
"High","Young Rising Sons ","Young Rising Sons","2018-03-29T15:35:57Z"
"Tear In My Heart","Twenty One Pilots ","Tear In My Heart","2018-03-29T15:35:57Z"
"Hero","Within Reason ","Bloodshot Life","2018-03-29T15:35:57Z"
"Your Mistake","Within Reason ","Bloodshot Life","2018-03-29T15:35:57Z"
"Gotta Let It Die","Within Reason ","Bloodshot Life","2018-03-29T15:35:57Z"
"Believer","American Authors ","Oh, What A Life","2018-03-29T15:35:57Z"
"Gallows","Dustin Kensrue ","Carry the Fire","2018-03-29T15:35:57Z"
"You're Not Alone","The Mowgli's ","Kids In Love","2018-03-29T15:35:57Z"
"Pony","Pretty Sister ","Now // Later","2018-03-29T15:35:57Z"
"Everything","Art Of Dying ","Rise Up EP","2018-03-29T15:35:57Z"
"I'll Fight","Daughtry ","Baptized (Deluxe Version)","2018-03-29T15:35:57Z"
"Baptized","Daughtry ","Baptized (Deluxe Version)","2018-03-29T15:35:57Z"
"Human","Jon Bellion ","The Definition","2018-03-29T15:35:57Z"
"Carry Your Throne","Jon Bellion ","The Definition","2018-03-29T15:35:57Z"
"All Time Low","Jon Bellion ","All Time Low","2018-03-29T15:35:57Z"
"Red Lips (feat. Sam Bruno)","GTA Sam Bruno ","DTG VOL. 1","2018-03-29T15:35:57Z"
"Say My Name (feat. Zyra)","ODESZA Zyra ","In Return","2018-03-29T15:35:57Z"
"You and Me Both","The Classic Crime ","Phoenix","2018-03-29T15:35:57Z"
"Stole the Show","Kygo Parson James ","Stole the Show","2018-03-29T15:35:57Z"
"Live Again","Future Leaders of the World ","Reveal","2018-03-29T15:35:57Z"
"i","Kendrick Lamar ","To Pimp A Butterfly","2018-03-29T15:35:57Z"
"The Blacker The Berry","Kendrick Lamar ","To Pimp A Butterfly","2018-03-29T15:35:57Z"
"For You","All That Remains ","The Order of Things","2018-03-29T15:35:57Z"
"Believe","Mumford & Sons ","Believe","2018-03-29T15:35:57Z"
"Wait, Wait, Wait","Northern Faces ","Wait, Wait, Wait","2018-03-29T15:35:57Z"
"Glycerine","Bush ","Sixteen Stone (Remastered)","2018-03-29T15:35:57Z"
"Uma Thurman","Fall Out Boy ","American Beauty/American Psycho","2018-03-29T15:35:57Z"
"God's Whisper","Raury ","Indigo Child","2018-03-29T15:35:57Z"
"G.O.M.D.","J. Cole ","2014 Forest Hills Drive","2018-03-29T15:35:57Z"
"Billion","Mat Kearney ","JUST KIDS","2018-03-29T15:35:57Z"
"Heartbreak Dreamer","Mat Kearney ","JUST KIDS","2018-03-29T15:35:57Z"
"My Soul Is Empty and Full of White Girls","Slaves ","Through Art We Are All Equals","2018-03-29T15:35:57Z"
"People Like Me, We Just Don't Play","Emarosa ","Versus","2018-03-29T15:35:57Z"
"Help Is On The Way","Rise Against ","Endgame","2018-03-29T15:35:57Z"
"I Miss You","blink-182 ","Greatest Hits (Explicit Version)","2018-03-29T15:35:57Z"
"Legend","Drake ","If You're Reading This It's Too Late","2018-03-29T15:35:57Z"
"Polaroid","Imagine Dragons ","Smoke + Mirrors","2018-03-29T15:35:57Z"
"Mine","Phoebe Ryan ","Mine","2018-03-29T15:35:57Z"
"Help Is On The Way","Rise Against ","Endgame / Appeal To Reason / Siren Song Of The Counter Culture / The Sufferer & The Witness","2018-03-29T15:35:57Z"
"Runaway","Katastro ","No Mud No Lotus","2018-03-29T15:35:57Z"
"First","Cold War Kids ","Hold My Home","2018-03-29T15:35:57Z"
"Heartbeat","Spaceship Days ","Saving the Universe - EP","2018-03-29T15:35:57Z"
"The Repeating","Molehill ","Tin God","2018-03-29T15:35:57Z"
"Sober","Childish Gambino ","Kauai","2018-03-29T15:35:57Z"
"Shimmer - Single Version","Fuel ","The Best of Fuel","2018-03-29T15:35:57Z"
"Black Rose","Trapt ","Only Through the Pain","2018-03-29T15:35:57Z"
"Canyon Moon","Andrew McMahon in the Wilderness ","Andrew McMahon In The Wilderness","2018-03-29T15:35:57Z"
"Let It Go","Cavo ","Transformers: Revenge Of The Fallen The Album","2018-03-29T15:35:57Z"
"I Don't Care","Apocalyptica Adam Gontier ","Worlds Collide","2018-03-29T15:35:57Z"
"Worldwide Choppers","Tech N9ne ","All 6's And 7's","2018-03-29T15:35:57Z"
"Schemin Up (feat. Drake and P. Reign)","OB OBrien Preme Drake ","Schemin Up (feat. Drake and P. Reign)","2018-03-29T15:35:57Z"
"Howl","Have Mercy ","A Place Of Our Own","2018-03-29T15:35:57Z"
"Dust And Bones","Night Terrors of 1927 ","Everything's Coming Up Roses","2018-03-29T15:35:57Z"
"Introduced Species","Hands Like Houses ","Unimagine","2018-03-29T15:35:57Z"
"Till It's Gone","Yelawolf ","Till It's Gone","2018-03-29T15:35:57Z"
"Wet Dreamz","J. Cole ","2014 Forest Hills Drive","2018-03-29T15:35:57Z"
"Hand In Hand","Walking On Cars ","Hand In Hand EP","2018-03-29T15:35:57Z"
"A Tale of Outer Suburbia","Hands Like Houses ","Unimagine","2018-03-29T15:35:57Z"
"I Just Wanna Run","The Downtown Fiction ","Best I Never Had","2018-03-29T15:35:58Z"
"Voices","We The Ghost ","The Kids Can't Dance","2018-03-29T15:35:58Z"
"A Day Late","Anberlin ","Never Take Friendship Personal","2018-03-29T15:35:58Z"
"Girls With Accents","Fences ","Fences","2018-03-29T15:35:58Z"
"Arrows (feat. Macklemore & Ryan Lewis)","Fences Ryan Lewis Macklemore ","Arrows (feat. Macklemore & Ryan Lewis)","2018-03-29T15:35:58Z"
"Make You Better","The Decemberists ","What A Terrible World, What A Beautiful World","2018-03-29T15:35:58Z"
"Do Or Die","Thirty Seconds To Mars ","LOVE LUST FAITH + DREAMS","2018-03-29T15:35:58Z"
"Stay The Night","State Champs ","Punk Goes Pop 6","2018-03-29T15:35:58Z"
"Glad You Came","We Came As Romans ","Punk Goes Pop 5","2018-03-29T15:35:58Z"
"Elastic Heart","Sia ","1000 Forms Of Fear","2018-03-29T15:35:58Z"
"Follow Me","Hardwell Jason Derulo ","United We Are","2018-03-29T15:35:58Z"
"Worth It","Fifth Harmony Kid Ink ","Worth It","2018-03-29T15:35:58Z"
"Brothers and Sisters","Twin Atlantic ","Great Divide","2018-03-29T15:35:58Z"
"Day 'N' Nite (nightmare)","Kid Cudi ","Man On The Moon: The End Of Day","2018-03-29T15:35:58Z"
"Alive (nightmare)","Kid Cudi Ratatat ","Man On The Moon: The End Of Day (Deluxe)","2018-03-29T15:35:58Z"
"Na Na","Trey Songz ","Trigga (Deluxe)","2018-03-29T15:35:58Z"
"Casual Sex","My Darkest Days ","Sick And Twisted Affair","2018-03-29T15:35:58Z"
"Scars","Papa Roach ","To Be Loved: The Best Of Papa Roach (Explicit Version)","2018-03-29T15:35:58Z"
"All I Want Is Everything","Blitz Kids ","The Good Youth","2018-03-29T15:35:58Z"
"Shaking In The Water","The XCERTS ","There Is Only You","2018-03-29T15:35:58Z"
"My City","Prime Circle ","Let the Night In","2018-03-29T15:35:58Z"
"Breathe Into Me","Red ","End Of Silence","2018-03-29T15:35:58Z"
"War of Change","Thousand Foot Krutch ","The End Is Where We Begin","2018-03-29T15:35:58Z"
"Down On Me","Jeremih 50 Cent ","Urban Floorfillers","2018-03-29T15:35:58Z"
"God's Whisper","Raury ","God's Whisper","2018-03-29T15:35:58Z"
"Breathing","Prime Circle ","Jekyll & Hyde","2018-03-29T15:35:58Z"
"Remember The Name (feat. Styles Of Beyond)","Fort Minor Styles Of Beyond ","The Rising Tied","2018-03-29T15:35:58Z"
"Room To Breathe","You Me At Six ","Cavalier Youth","2018-03-29T15:35:58Z"
"Battle Scars","Lupe Fiasco Guy Sebastian ","Food & Liquor II: The Great American Rap Album Pt. 1","2018-03-29T15:35:58Z"
"Fools Gold","Fitz and The Tantrums ","More Than Just A Dream (Deluxe)","2018-03-29T15:35:58Z"
"Rooftops (A Liberation Broadcast)","lostprophets ","Liberation Transmission","2018-03-29T15:35:58Z"
"Bite My Tongue (feat. Oli Sykes)","You Me At Six Oli Sykes ","Sinners Never Sleep","2018-03-29T15:35:58Z"
"Don't Tell 'Em","Jeremih YG ","Don't Tell 'Em","2018-03-29T15:35:58Z"
"Rollercoaster","Bleachers ","Rollercoaster","2018-03-29T15:35:58Z"
"Drive","Adelitas Way ","Stuck","2018-03-29T15:35:58Z"
"Undivided","Adelitas Way ","Stuck","2018-03-29T15:35:58Z"
"At the World's End","Breakaway ","One Minute / One Moment","2018-03-29T15:35:58Z"
"Flicker, Fade","Taking Back Sunday ","Happiness Is","2018-03-29T15:35:58Z"
"Adelaide","Anberlin ","Cities","2018-03-29T15:35:58Z"
"Waking Up","10 Years ","The Autumn Effect","2018-03-29T15:35:58Z"
"Best Day Of My Life","American Authors ","Best Day Of My Life","2018-03-29T15:35:58Z"
"Would You Still Be There","Of Mice & Men ","Restoring Force","2018-03-29T15:35:58Z"
"Balance","Smile Empty Soul ","Chemicals","2018-03-29T15:35:58Z"
"Tiptoe","Imagine Dragons ","Night Visions","2018-03-29T15:35:58Z"
"Transmission Home","Yellowcard ","Lift a Sail","2018-03-29T15:35:58Z"
"Sleep","Downplay ","Radiocalypse","2018-03-29T15:35:58Z"
"Face Down","The Red Jumpsuit Apparatus ","Music from Degrassi: The Next Generation","2018-03-29T15:35:58Z"
"Watch Me Drown","Seether ","Isolate And Medicate","2018-03-29T15:35:58Z"
"Scene Two - Roger Rabbit","Sleeping With Sirens ","If you were a movie, this would be your soundtrack","2018-03-29T15:35:58Z"
"Lollipop","Framing Hanley ","The Moment (Digital Deluxe)","2018-03-29T15:35:58Z"
"Can't Be Saved","Senses Fail ","Follow Your Bliss: The Best of Senses Fail","2018-03-29T15:35:58Z"
"Feel Good Drag","Anberlin ","New Surrender","2018-03-29T15:35:58Z"
"Believer","American Authors ","Believer","2018-03-29T15:35:58Z"
"Anthem For The Underdog","12 Stones ","Anthem For The Underdog","2018-03-29T15:35:58Z"
"What Would You Do","Bastille ","All This Bad Blood","2018-03-29T15:35:58Z"
"Something More","Adelitas Way ","Stuck","2018-03-29T15:35:58Z"
"You're Gonna Go Far, Kid","The Offspring ","Rise And Fall, Rage And Grace","2018-03-29T15:35:58Z"
"Simple Life","Framing Hanley ","The Sum Of Who We Are","2018-03-29T15:35:58Z"
"Over and Under","Egypt Central ","Egypt Central","2018-03-29T15:35:58Z"
"One Bedroom","Yellowcard ","Lift a Sail","2018-03-29T15:35:58Z"
"The Phrase That Pays","The Academy Is... ","Almost Here","2018-03-29T15:35:58Z"
"Machines","Crown The Empire ","The Resistance: Rise Of The Runaways","2018-03-29T15:35:58Z"
"The Dilemma","You Me At Six ","Sinners Never Sleep","2018-03-29T15:35:58Z"
"Under The Knife","Rise Against ","The Sufferer & The Witness [International Version (Explicit)]","2018-03-29T15:35:58Z"
"House Of Gold","Twenty One Pilots ","Vessel","2018-03-29T15:35:58Z"
"Harlem","New Politics ","A Bad Girl In Harlem","2018-03-29T15:35:58Z"
"Hero Of War","Rise Against ","Appeal To Reason","2018-03-29T15:35:58Z"
"Prayer Of The Refugee","Rise Against ","Endgame / Appeal To Reason / Siren Song Of The Counter Culture / The Sufferer & The Witness","2018-03-29T15:35:58Z"
"Crooked Smiles","Framing Hanley ","The Sum Of Who We Are","2018-03-29T15:35:58Z"
"Believe Me","Lil Wayne Drake ","Believe Me","2018-03-29T15:35:58Z"
"Scared Of The Dark","Lower Than Atlantis Dear Prudence ","Changing Tune","2018-03-29T15:35:58Z"
"Criminal","Framing Hanley ","The Sum Of Who We Are","2018-03-29T15:35:58Z"
"Brothers and Sisters","Twin Atlantic ","Brothers and Sisters","2018-03-29T15:35:58Z"
"Don't Ever Leave","Smile Empty Soul ","Consciousness","2018-03-29T15:35:58Z"
"Words As Weapons","Seether ","Words As Weapons","2018-03-29T15:35:58Z"
"You Stupid Girl","Framing Hanley ","A Promise To Burn","2018-03-29T15:35:58Z"
"MakeDamnSure","Taking Back Sunday ","Louder Now","2018-03-29T15:35:58Z"
"Inside It's Raining","Art Of Dying ","Art Of Dying","2018-03-29T15:35:58Z"
"On My Own","Ashes Remain ","What I've Become","2018-03-29T15:35:58Z"
"Lion","Hollywood Undead ","Notes From The Underground","2018-03-29T15:35:58Z"
"Last Train Home","lostprophets ","Start Something","2018-03-29T15:35:58Z"
"Look In My Eyes","Rains ","Stories","2018-03-29T15:35:58Z"
"Bury Myself Alive","Downplay ","Radiocalypse","2018-03-29T15:35:58Z"
"Mad At Myself","Issues ","Issues","2018-03-29T15:35:58Z"
"Here I Stand","Madina Lake ","From Them, Through Us, To You","2018-03-29T15:35:58Z"
"Wherever You Will Go","The Calling ","Camino Palmero","2018-03-29T15:35:58Z"
"Crazy","Royal Bliss ","Waiting Out the Storm","2018-03-29T15:35:58Z"
"Save Me","Royal Bliss ","Life In-Between","2018-03-29T15:35:58Z"
"Lighthouse","Mallory Knox ","Signals","2018-03-29T15:35:58Z"
"Put Down The Drink","Emphatic ","Put Down The Drink","2018-03-29T15:35:58Z"
"I Write Sins Not Tragedies","Panic! At The Disco ","A Fever You Can't Sweat Out","2018-03-29T15:35:58Z"
"Tragedy + Time","Rise Against ","The Black Market","2018-03-29T15:35:58Z"
"Liar (It Takes One To Know One)","Taking Back Sunday ","Louder Now (U.S. Version)","2018-03-29T15:35:58Z"
"The Feel Good Drag","Anberlin ","Never Take Friendship Personal","2018-03-29T15:35:58Z"
"Paperthin Hymn","Anberlin ","Never Take Friendship Personal","2018-03-29T15:35:58Z"
"Anthem Of Our Dying Day","Story Of The Year ","Page Avenue (US Non-PA Version)","2018-03-29T15:35:58Z"
"Sweetness","Jimmy Eat World ","Bleed American","2018-03-29T15:35:58Z"
"Calling All Cars","Senses Fail ","Follow Your Bliss: The Best of Senses Fail","2018-03-29T15:35:58Z"
"Beautiful","Pop Evil ","Onyx","2018-03-29T15:35:58Z"
"Torn to Pieces","Pop Evil ","Onyx","2018-03-29T15:35:58Z"
"The Only Way Out","Bush ","The Only Way Out","2018-03-29T15:35:58Z"
"Fix Me","10 Years ","Feeding The Wolves (Deluxe Version)","2018-03-29T15:35:58Z"
"Wasteland","10 Years ","The Autumn Effect","2018-03-29T15:35:58Z"
"Ocean Floor","Nothing More ","Nothing More","2018-03-29T15:35:58Z"
"Dismantle.Repair.","Anberlin ","Cities","2018-03-29T15:35:58Z"
"Drown","Bring Me The Horizon ","Drown","2018-03-29T15:35:58Z"
"Naive","The Kooks ","Naïve","2018-03-29T15:35:58Z"
"The Haunting","Set It Off ","Duality","2018-03-29T15:35:58Z"
"I Don’t Want To Be Here Anymore","Rise Against ","The Black Market","2018-03-29T15:35:58Z"
"Tragedy + Time","Rise Against ","The Black Market","2018-03-29T15:35:58Z"
"The Black Market","Rise Against ","The Black Market","2018-03-29T15:35:58Z"
"What If I Was Nothing","All That Remains ","A War You Cannot Win","2018-03-29T15:35:58Z"
"Make It Stop (September's Children)","Rise Against ","Endgame","2018-03-29T15:35:58Z"
"Satellite","Rise Against ","Endgame","2018-03-29T15:35:58Z"
"Savior","Rise Against ","Appeal To Reason","2018-03-29T15:35:58Z"
"The Taste Of Ink","The Used ","The Used (U.S. Version)","2018-03-29T15:35:58Z"
"Low","Sleeping With Sirens ","Feel","2018-03-29T15:35:58Z"
"Untraveled Road","Thousand Foot Krutch ","OXYGEN:INHALE","2018-03-29T15:35:58Z"
"Ancient History","Set It Off ","Duality","2018-03-29T15:35:58Z"
"Hear Me Now","Framing Hanley ","The Moment","2018-03-29T15:35:58Z"
"Revolution","The Used ","Imaginary Enemy","2018-03-29T15:35:58Z"
"Generation Throwaway","The Used ","Imaginary Enemy","2018-03-29T15:35:58Z"
"Cry","The Used ","Imaginary Enemy","2018-03-29T15:35:58Z"
"Evolution","The Used ","Imaginary Enemy","2018-03-29T15:35:58Z"
"Ode To Sleep","Twenty One Pilots ","Vessel","2018-03-29T15:35:58Z"
"Embers And Envelopes","Mae ","Destination: Beautiful","2018-03-29T15:35:58Z"
"Movies","Alien Ant Farm ","Anthology","2018-03-29T15:35:58Z"
"Feel Good Drag","Anberlin ","New Surrender (UK Version)","2018-03-29T15:35:58Z"
"Gold Digger","Kanye West Jamie Foxx ","Late Registration","2018-03-29T15:35:58Z"
"Why Worry","Set It Off ","Duality","2018-03-29T15:35:58Z"
"Homage","Alien Ant Farm ","Homage","2018-03-29T15:35:58Z"
"This Is Gospel","Panic! At The Disco ","Too Weird To Live, Too Rare To Die!","2018-03-29T15:35:58Z"
"Miss Jackson (feat. LOLO)","Panic! At The Disco LOLO ","Too Weird To Live, Too Rare To Die!","2018-03-29T15:35:58Z"
"I Write Sins Not Tragedies","Panic! At The Disco ","A Fever You Can't Sweat Out","2018-03-29T15:35:58Z"
"Pieces","Sum 41 ","Chuck","2018-03-29T15:35:58Z"
"Hymn For All I've Lost","Young Guns ","Bones","2018-03-29T15:35:58Z"
"Through Glass","Stone Sour ","Come What[ever] May","2018-03-29T15:35:58Z"
"Get Out","Circa Survive ","Get Out","2018-03-29T15:35:58Z"
"MakeDamnSure","Taking Back Sunday ","Louder Now (U.S. Version)","2018-03-29T15:35:58Z"
"Contagious","Trapt ","Only Through the Pain","2018-03-29T15:35:58Z"
"No Saving Me","Framing Hanley ","The Sum Of Who We Are","2018-03-29T15:35:58Z"
"Ashley","Escape the Fate ","This War Is Ours","2018-03-29T15:35:58Z"
"Guns For Hands","Twenty One Pilots ","Vessel","2018-03-29T15:35:58Z"
"Raining - feat. Adam Gontier","Art Of Dying Adam Gontier ","Vices And Virtues","2018-03-29T15:35:58Z"
"The Reason","Hoobastank ","We Love Lovesongs","2018-03-29T15:35:58Z"
"If It Means a Lot to You","A Day To Remember ","Homesick","2018-03-29T15:35:58Z"