alternative,236
rock,233
american,201
alternative rock,200
pop,194
indie,184
indie rock,126
10s,126
love at first listen,113
love,111
male vocalists,111
awesome,105
indie pop,105
2010s,95
emo,90
favorites,90
amazing,86
favorite,82
pop rock,81
00s,76
electronic,74
2015,71
catchy,69
beautiful,64
british,63
pop punk,63
epic,63
seen live,62
2015 single,62
favorite songs,62
chill,60
hard rock,60
male vocalist,60
punk,59
punk rock,57
cool,55
music choice: alternative,55
2017 single,54
dance,50
2014,50
love it,49
favourites,49
happy,49
summer,48
fucking awesome,48
post-hardcore,46
hardcore,46
sad,46
favourite,46
hip-hop,46
good,45
2016 single,44
fallon,43
loved,43
acoustic,42
mellow,42
2000s,42
ballad,40
metal,39
memories,39
female vocalists,39
country,39
rap,38
hip hop,37
fun,37
2014 single,37
fav,36
screamo,36
emotional,36
guitar,36
<3,35
2016,35
upbeat,35
post-grunge,34
great,33
modern rock,32
modern country,32
chillout,32
driving,31
nostalgia,31
10 of 10 stars,30
singer-songwriter,30
bbc radio1 playlist 2015,29
easy listening,29
great lyrics,29
conan,29
alternative pop,29
favourite songs,28
electropop,28
energetic,28
folk,28
nice,27
like,27
2013,27
bbc radio1 playlist 2016,26
soundtrack,26
melancholy,26
usa,26
alt rock,26
meyers,26
great song,26
emocore,25
rnb,25
party,25
rock band,25
good stuff,25
metalcore,24
best of 2015,24
synthpop,23
grunge,23
8 of 10 stars,23
melancholic,23
top 40,23
alternative metal,22
classic rock,22
soft rock,22
sweet,21
power pop,21
heard on pandora,21
soul,21
christian rock,21
2006,21
nu metal,20
90s,20
love songs,20
feel good,19
new,19
nostalgic,19
perfect,19
r&b,18
romantic,18
male vocals,18
2013 single,18
music choice: rock,18
2017,17
female vocalist,17
christian,17
relax,17
relaxing,17
pop-punk,17
melodic hardcore,16
songs i absolutely love,16
guilty pleasure,16
best,16
sexy,16
angry,16
experimental,16
rock band dlc,16
fave,16
progressive rock,16
workout,15
cover,15
canadian,15
awake,15
aitch,15
faves,15
loved by hottybotty,15
slow,15
calm,15
snl,15
english,15
fm4,14
duo,14
the best,14
colbert,14
wake-up song,14
pop rap,14
sonic rock,14
classic,14
download,14
dark,14
powerful,14
6 of 10 stars,14
channel x,14
emo pop,14
piano,13
depressing,13
hino,13
i love this song,13
addictive,13
handclaps,13
1,13
sing along,13
radioultra,13
love song,13
life,13
folk rock,13
live,13
pop-rock,13
favorite bands,13
2010s rock,13
rise against,13
2011,12
aitchsonic,12
fast,12
ecf02,12
acoustic rock,12
soft,12
energy,12
bittersweet,12
playlista rmf fm,12
soundtrack of my life,12
2010,12
cimx-fm,12
bbc radio1 playlist 2014,12
indie folk,12
7 of 10 stars,12
birp,11
post hardcore,11
eargasm,11
makes me cry,11
moonh8sun,11
high school,11
coldplay,11
2005,11
britpop,11
uplifting,11
letterman,11
synth,11
5 stars,11
australian,11
2008,10
anthem,10
my favorite,10
hardcore punk,10
winter,10
inspiring,10
4 stars,10
lyrics,10
somafm,10
2009,10
happiness,10
guilty pleasures,10
best of 2014,10
good shit,10
radio disney,10
evening,10
personal favourites,9
inspirational,9
indietronica,9
bbc radio1 playlist 2017,9
linedance 2017,9
best of 2017,9
aitchepic,9
hot,9
favorites 2015,9
wrif-fm,9
intense,9
a subtle use of vocal harmony,9
my favorites,9
electronica,9
masterpiece,9
ost,9
california,9
lovely,9
albums i own,9
heartbreak,9
5,9
good music,9
good song,9
melodic,9
shit,9
bass,9
one hit wonder,9
good left undone,9
2012,9
instrumental,9
suziko-rockwerchter,9
my 10s,8
college,8
fip,8
relevant magazine,8
aitchawake,8
political,8
genius,8
9 of 10 stars,8
adult contemporary,8
house,8
good lyrics,8
smooth,8
male,8
rocking out,8
2007,8
hiphop,8
uk,8
hope,8
english lyrics,8
k1r7m,8
ballads,8
post-nerdcore,8
spring,8
hits,8
morning,8
it starts with one thing i dont know why it doesnt even matter how hard you try keep that in mind i designed this rhyme,8
sex,8
my top 100 of 2015,8
not emo,8
heart,7
punk-rock,7
electro,7
twenty one pilots,7
imagine dragons,7
kkk country,7
racist country,7
run,7
rockin,7
aitchchill,7
powerpop,7
catchy as hell,7
cute,7
names,7
90s rock,7
goo goo dolls,7
adult alternative,7
rock ballad,7
americana,7
atmospheric,7
want to see live,7
ambient,7
smallville,7
3,7
radio paradise,7
radioparadise,7
one tree hill,7
heartache,7
favorites 2016,7
fave indie pop,7
major key tonality,7
my music,7
perfection,7
like2009-2014,7
hard,7
road trip,7
singalong,7
best song ever,7
punkrock,7
alternative song charted in the 2010s,7
three days grace,7
anberlin,7
audioase,7
new wave,6
post-punk,6
great songs,6
fall out boy,6
dance rock,6
heavy metal,6
emo rock,6
eminem,6
similar to johnny rebel,6
driving music,6
aitchknight,6
talent show,6
alternative dance,6
rock band network,6
90s alternative,6
my soundtrack,6
like it,6
power,6
get,6
work,6
3 stars,6
brilliant,6
lead single,6
deep,6
favorite song,6
haunting,6
4,6
fpbdml gif,6
piano rock,6
tv,6
favs,6
funky,6
autumn,6
vampire diaries,6
chriscooperband,6
loud,6
ok,6
bagel,6
best of 2009,6
best of 2013,6
funny,6
wow,6
2004,6
breakup,6
2015 fig,6
feelgood,6
afternoon,6
rainy day,6
beach,6
twilight,6
moody,6
dope,6
names of people,6
punk pop,6
guitar hero,6
-2012,6
nu-metal,6
nashville predators,6
bop,5
top,5
dream pop,5
alternative hip hop,5
fucking amazing,5
yes,5
makes me happy,5
check,5
single,5
2 stars,5
great vocals,5
post grunge,5
reflective,5
90's,5
underrated,5
gute laune,5
poprock,5
lorde,5
indie dance,5
gay,5
electronic rock,5
funk,5
sachen die ich gerne hoeren mag,5
jazzy,5
mild rhythmic syncopation,5
depressed,5
awesome song,5
2 of 10 stars,5
12,5
world,5
drums,5
teen wolf,5
delicious,5
pherfavs,5
love at first sound,5
a vocal-centric aesthetic,5
so fucking good,5
bbc radio1 playlist 2013,5
poptron,5
christian alexander tietgen,5
bastille,5
addicted,5
2003,5
new country,5
popular,5
strings,5
fueled by ramen,5
night,5
feel-good,5
sundays,5
2002,5
depression,5
motivation,5
kanye west,5
dreamy,5
art rock,5
i could listen to this song forever,5
best songs ever,5
discoverockult,5
favourite tracks,5
play it loud,5
fire,5
chicago blackhawks,5
1er sur le fredz chart,5
rock out,5
sample,4
dreamwave,4
irish,4
rapcore,4
chicago,4
lyrical,4
checkitout,4
kocham,4
to download,4
urban,4
conscious hip-hop,4
protest songs,4
halsey,4
riverdale,4
crazy,4
favorite track right now,4
finding carter,4
1990s,4
male vocal,4
radio,4
rockpop,4
cheerful,4
badass,4
favorite tracks,4
minor key tonality,4
1996,4
country pop,4
god,4
downtempo,4
female,4
voice,4
gangsta rap,4
leno,4
grey's anatomy,4
female vocals,4
pretty,4
vocal,4
basic rock song structures,4
fode essa buceta,4
ultra style,4
relationships,4
2,4
6,4
suicide,4
1998,4
alternative rnb,4
some damn good music,4
songs i love,4
down,4
duet,4
world music,4
skitz0rz,4
uitluisteren artist,4
holloween skitz0rz,4
i fucking love this song,4
country rock,4
mixed acoustic and electric instrumentation,4
gossip girl,4
on repeat,4
vugube62,4
hit,4
new york,4
songs that you wanna listen to over and over again,4
synth pop,4
electro pop,4
uk number one,4
2012 single,4
sadness,4
the black market,4
own,4
melodic punk,4
sentimental,4
angsty,4
billboard,4
acoustic rhythm piano,4
critically acclaimed song,4
tag,4
check out,4
high-energy,4
youth,4
makes me smile,4
amayzes loved,4
x-factor,4
music choice: adult alternative,4
great lyricists,4
otto von schirach,4
altar of the metal gods,4
unbridled optimism,4
lucifer,4
mynewmusicpicksoftheweek,4
love this song,4
video,4
fuck,4
panic! at the disco,4
taylor swift,4
fifa 15,4
i like,4
punk influences,4
progressive,4
concert,4
fight,4
dontgiveup,4
endgame,4
2010s punk,4
never back down,4
skate punk,4
poetic,4
bitter,4
grungy,4
yeah,4
music to suck cock to,4
emo punk,4
american artist,4
southern rock,4
really good,4
progressive metal,4
edm,3
2018 single,3
reggae,3
the chainsmokers,3
melodic metalcore,3
welsh,3
power anthem,3
trap,3
jack antonoff,3
dance-pop,3
lupe fiasco,3
illinois,3
running,3
alternative rap,3
midwest hip-hop,3
wkqi-fm,3
crash coordinates,3
party music,3
lego rock band,3
emo pop punk,3
look at how mainstream i have become,3
kendrick lamar,3
west coast hip hop,3
idol,3
sensual,3
goo,3
1995,3
playlist,3
you and me,3
80s,3
matchbox twenty,3
matchbox 20,3
rob thomas,3
hoobastank,3
electric rhythm guitars,3
folk influences,3
kick ass,3
hairy chest,3
happy songs,3
incredible,3
spectacular,3
quantico,3
man! i love this song,3
political punk,3
black metal,3
french,3
japanese,3
dubstep,3
the offspring,3
best song of the album,3
nu jazz,3
nujazz,3
light,3
no tag would be enough to express how much i love this song,3
greys anatomy,3
sing,3
longing,3
singer songwriter,3
repetitive melodic phrasing,3
my favourites,3
melodic metal,3
songs that i sing along to but i always forget the words so i say duh duh while trying to sound like i do know the words and no one is falling for it but they keep quiet because they are embarassed for me,3
9,3
7,3
indiena sound,3
pop shit,3
moja energia,3
moj 2015,3
band: mumford and sons,3
the fray,3
i miss you,3
sad songs,3
aggressive,3
easy,3
slgdm,3
uk bass,3
p6dramaja,3
romance,3
not bad,3
lonely,3
anger,3
funk rock,3
cowbell,3
contemporary,3
post punk,3
psychedelic,3
heard live,3
sunflower,3
11,3
american rock,3
the vampire diaries,3
itunes uk single of the week,3
red,3
dl,3
altrock,3
puts me in a good mood,3
extensive vamping,3
blues,3
german number one,3
songs i would sing,3
green day,3
to listen,3
new york city,3
vampire weekend,3
listened and said no thanks,3
scottish,3
fode,3
disco,3
fave singer-songwriters,3
interessant,3
pompeii,3
lovelovelove,3
singing along,3
dance it out,3
fave tunez,3
fave male singers,3
set the night on fire,3
better than sex,3
soundtrack to life,3
josh osborne,3
love this,3
ashley gorley,3
break up,3
ska,3
songs that make me cry,3
bloody great,3
songs that make you want to sing along,3
k,3
fav888,3
england,3
50,3
group,3
listen to again,3
brutal death metal,3
east coast rap,3
rar44,3
american authors,3
love the lyrics,3
sxsw 2017,3
college rock,3
uptempo,3
traveling,3
me myself and i,3
sudcalifornia,3
anthemic,3
detroit,3
4 of 10 stars,3
clapping,3
meaningful,3
fuck this shit,3
lizvelrene2010,3
best of 2010,3
buy,3
danceable,3
legend,3
android,3
drake,3
thrash metal,3
guitar solo,3
officially shit,3
samples,3
eclectonia,3
trashbag filled with vomit,3
the x factor,3
zayn,3
shout,3
us number one,3
sad day,3
slow rock,3
piece of shit,3
one-hit wonder,3
the daily show,3
fifa,3
overrated,3
all things annoying in the world put together into one stupid bitch,3
the worst thing ever to happen to music,3
hiv positive,3
dildocore,3
micropenis,3
music,3
ghost,3
seen in concert,3
songs,3
chill out,3
discovered in 2014,3
cry baby,3
lounge,3
fuck yeah,3
better than one direction,3
vocals,3
best of,3
unique,3
chilled,3
alt-country,3
punk goes,3
deathcore,3
gaycore,3
red band society,3
seether,3
lo-fi,3
cds i own,3
acclaimed music top 200 of 2009,3
the weeknd,3
hype,3
groove,3
forever stuck on repeat,3
interesting,3
brit,3
2015 gif,3
sxsw 2013,3
electronica influences,3
radio xenu,3
mainstream rock,3
detroit red wings,3
1 star,3
lovesong,3
alternative folk,3
middle school,3
recommended,3
2010s post-grunge,3
indie-rock,3
find,3
radiou,3
gilles peterson,3
orgasmic,3
alternative pop-rock,3
united kingdom,3
second single,3
q101chicago,3
lyrical brilliance,3
singlesphere,3
loneliness,3
bikain,3
canada,3
story of my life,3
lovedbyme1,3
deutzia,3
contemporary christian,3
trancecore,3
awesomeness,3
alternative vocals,3
10 years,3
framing hanley,3
not screamo,3
awesome lyrics,3
post- hardcore,3
tap tap revenge,3
best songs 2008,3
comeback song,3
listen to later,3
punk-pop,3
obscure song that fredz likes,3
hardcore-punk,3
gretanova,3
skate rock,3
adam title,3
taking back sunday,3
songs to listen to whenever you feel wrecked and jealous or simply because they are totally a-ma-zing,3
if my life was a movie - this would be my soundtrack,3
songs to sing at the top of my lungs,3
tbs,3
songs ive seen live,3
2001,3
panic at the disco,3
add,3
yay,3
punkish,3
best of set it off,3
songs i can actually listen to on repeat,3
arizona coyotes,3
2018,2
future bass,2
chillstep,2
sampling,2
music is my radar,2
melodic death metal,2
heavy,2
the bold type,2
radio music,2
radio rock,2
washington capitals,2
my day-maker,2
underrated vocalists,2
aitchrap,2
play this loud enough to raise the dead,2
songs that i will still be listening to in a billion years,2
sellout,2
whtd-fm,2
wjlb-fm,2
jams,2
positive,2
happy dance,2
american hip-hop,2
pumped,2
massari,2
2010s hip-hop,2
crici,2
awsome,2
good beat,2
fucking awsome,2
pop punk rock,2
songs with names,2
banger,2
conscious hip hop,2
political hip hop,2
lit,2
el-p,2
killer mike,2
undergroundhiphop,2
run the jewels,2
this is so good,2
creed,2
higher,2
human clay,2
seattle grunge,2
scott stapp,2
creed - higher,2
creed-higher,2
rock soft,2
hot voice,2
totally cool,2
anytime rock,2
mood lifters,2
titanae,2
higher - creed,2
air-guitar,2
classicly perfect,2
creed higher,2
name,2
mellow rock,2
my 90s,2
beautiful melodies,2
cold case,2
alternative pop rock,2
jangle pop,2
nineties,2
car,2
beauty,2
train,2
passionate,2
day,2
highschool,2
greatest hits,2
boys,2
male singer,2
emotional adult rock,2
soundtrack to my life,2
annymix,2
good mood,2
dance pop,2
new zealand,2
deus,2
bomba,2
talented,2
sleigh bells,2
better than love,2
rainha,2
phantogram,2
deusa,2
rupauls drag race,2
cathartic pop,2
showstopping,2
but i can't let go,2
chupa essa lana del rey,2
ella maria,2
um hino desse bixo,2
inventou os lanternas verde,2
kaela sinclair,2
car karaoke,2
vincents number one song,2
2010s pop,2
linedance,2
sxsw 2016,2
swedish,2
offspring,2
hair metal,2
new age,2
techno,2
pretentious,2
kitsch,2
russian,2
excellent,2
comedy,2
japan,2
inde,2
unimaginable brilliance,2
never-ending orgasm,2
greek mythology,2
magical,2
god-like,2
buena,2
heck yes,2
drives me crazy,2
fan-freakin-tastic,2
tat,2
indie other,2
plvaronaswow2012,2
songsof2012,2
country music television,2
female vocal,2
songs you must sing along with,2
anna,2
waltz,2
female voices,2
girl power,2
earworm,2
electronicrock,2
power ballad,2
linkin park,2
desolate,2
cheffy,2
my favorite songs,2
brings tears to my eyes,2
exceptional,2
scrubs,2
how to save a life,2
fray,2
the fray - how to save a life,2
touching,2
i love you,2
sufu5a,2
i love the 90s,2
heard growing up,2
quirky,2
dramatic,2
1997,2
trip-hop,2
slay,2
muzorgasm with anton gossip 2k16,2
regret,2
confident,2
optimistic,2
import,2
soa,2
crescendo,2
black mass,2
grit,2
hh,2
red hot chili peppers,2
rock tag,2
retro,2
psychedelic rock,2
groovy,2
jam,2
fall,2
20s,2
singles,2
5 star songs,2
slgdmbestof,2
ulubiency,2
melody,2
mix,2
indie-pop,2
i like it,2
checkout,2
luisterpaal,2
hook,2
two door cinema club,2
us-american,2
010s,2
nikita,2
rhymes girl with world,2
need to listen to more,2
tough,2
indiepop,2
repeatrepeatrepeat,2
acoustic rhythm guitars,2
blue-eyed soul,2
bouncy,2
soulful,2
chart,2
gospel choir,2
revolution radio,2
xl recordings,2
secular,2
perlast,2
minor,2
like a lot,2
music choice: indie,2
trash,2
ukno1,2
hip hop tag,2
alt country,2
my shit,2
bbc radio1 playlist 2012,2
i love it,2
fave bands,2
on the floor,2
musings,2
sting,2
the reason,2
reason,2
hoobastank - the reason,2
nice to hear,2
low low low low low low low low low,2
linedance 2014,2
texas country,2
cjl original library,2
tropical house,2
jason aldean,2
why i love country music,2
quinten painter,2
drinking songs,2
special,2
male country,2
recommendations,2
hlong november 2011,2
linedance 2018,2
linedance 2016,2
pop country,2
top artists,2
power metal,2
acoustic punk,2
accoustic,2
friends,2
one,2
fob,2
decaydance,2
songs that make you want to bop your head,2
class,2
mcfly,2
france,2
loss,2
new music,2
listen when depressed,2
pop of 2013,2
baroque pop,2
band,2
pop/rock,2
ion b radio,2
this is it,2
middle,2
dmx,2
east coast,2
gangsta,2
other,2
def jam records,2
rar22,2
the shit,2
rap us,2
yearning,2
toomuch,2
exuberant folk,2
90s pop,2
1999,2
acoustic guitar,2
oldies,2
dancehall,2
vocal harmonies,2
prominent percussion,2
use of a string ensemble,2
vanguardia primitiva,2
my fave tracks,2
sing-along,2
hitch24soab,2
poppy,2
sxsw 2015,2
alt,2
art pop,2
debut single,2
play it loud loud loud,2
love hurts,2
relatable,2
love at 1st listen,2
songs that i love the lyric,2
good vibes,2
suicide squad,2
queen,2
rap rock,2
recovery,2
25,2
free,2
most loved,2
good hiphop,2
to,2
message,2
mr mathers,2
indie electronic,2
road,2
trip,2
listen again,2
you need to hear this,2
best of 2012,2
team coco,2
good times,2
over 5 minutes long,2
songs to download,2
neo soul,2
2010s party girl soundtrack,2
best tracks of 2010,2
introspective,2
shady,2
hardcore rap,2
hardcore hip-hop,2
determined,2
childhood,2
hardcore hip hop,2
rebel,2
sxsw 2014,2
grammy,2
feelings,2
lollipop,2
b-flat minor,2
b flat minor,2
bb minor,2
nocna energia,2
b-flat min,2
bb min,2
b flat min,2
bbmin,2
pisa em pillowtalk,2
utter slayage,2
like i would,2
garbage,2
billboard2016numberonehits,2
drugs,2
angels,2
roadtrip,2
worst song ever,2
not indie,2
not alternative,2
stupid song,2
i fucking hate this song,2
overplayed as fuck,2
badlands,2
mix cd,2
hunter hayes,2
repeat it on my 21st birthday,2
rihject,2
satanic shit,2
satanic,2
annoying,2
lol,2
satan,2
sia,2
pussy,2
children choir,2
kim kardashian,2
church of satan,2
farofa,2
tv show,2
puzata xata,2
fucking incredible,2
redrage keys,2
indie grls n boys,2
liverpool,2
just awesome,2
the format,2
amazing lyrics,2
christian music,2
wber,2
relationship,2
about me,2
hottybotty acousitc,2
boysband,2
glitch pop,2
10,2
songs to hear before you die,2
february 2014,2
roll that window down,2
eletronic,2
alternative hip-hop,2
1994,2
davaho53,2
soaring,2
gorgeous,2
weather songs,2
leapsandloved,2
dark pop,2
my dance room,2
adele,2
music video,2
5 seconds of summer,2
5sos,2
random,2
damn,2
gospel,2
inspiration,2
t,2
save,2
triple m,2
sleep,2
thoughtful,2
soothing,2
goosebumps,2
miss you,2
alternative country,2
approve,2
scream: the tv series,2
one word title,2
south afrika,2
linedance 2015,2
omg i love this,2
sing loud,2
us-singer,2
thesixtyone,2
smile,2
lizvelrene2009,2
pbrnb,2
scorpio,2
the weeknd gif,2
energizing,2
kings and queens,2
watch,2
whoa,2
yay i like it,2
shoegaze,2
makes me wanna dance,2
placebo,2
jump,2
rbn vg,2
vancouver canucks,2
cute voice,2
alternative  punk,2
deathmetal,2
bmth,2
that's the spirit,2
sharv11,2
hundycore,2
folk pop,2
starbucks,2
heard it on tv,2
fart noises,2
the flash,2
x ambassadors gif,2
advertisement soft rock,2
cruise,2
south,2
linedance 2013,2
repeat,2
kat fm,2
kingdom,2
czhit,2
13 reasons why,2
love is a fight,2
pearl of the day,2
artist: vance joy,2
you know you gave me all the time,2
perfectly succinct lyrics,2
oh did i give enough of mine,2
such a sexy song gif,2
rappers that sing,2
friend,2
strong,2
i love this fucking song,2
core clashy song,2
banjo,2
bluegrass,2
pay attention,2
mumford and sons,2
kickasstic,2
opaque nature,2
gilbert,2
art of dying,2
dallas stars,2
aaron accetta,2
check out artist,2
believe,2
stomps,2
so you think you can dance,2
songsof2014,2
indie rock playlist,2
west coast,2
tde,2
an emotional male lead vocal performance,2
third single,2
under 2000 listeners,2
2014summersongs,2
baby,2
rap music,2
math rock,2
experimental rock,2
progressive post-hardcore,2
colorbred,2
oil,2
new orleans,2
hurricane,2
cool stuff,2
3 of 10 stars,2
perruque,2
really good songs,2
giveafuck,2
not post-grunge,2
not alternative metal,2
help is on the way,2
based on real events,2
tiptoe,2
carolina,2
trapt,2
australia,2
story,2
finchley,2
music i like,2
tooth and nail,2
wicked,2
ro-rock,2
rad,2
cool lyrics,2
songs to play after a breakup,2
cool beat,2
lovesongs,2
goodmood,2
new metal,2
christian alternative,2
me likey,2
game music,2
zero,2
thoughts,2
lostprophets,2
lost prophets,2
genial,2
new york islanders,2
stephen christian,2
warped 2008,2
lurv eet,2
music chain,2
warped 2007,2
best songs,2
10 years - the autumn effect,2
anaheim ducks,2
5 of 10 stars,2
female fronted metal,2
reggaeton,2
queercore,2
goregrind,2
homocore,2
nsbm,2
gay metal,2
a campire and a tent and a flashlight and some matches and a tree and that river and my glasses and a spaceship and a really really big bear but the bear is really really far away,2
drops wet cement on unsuspecting crippled children,2
a place for people with that tiny black spot on their brain to go when the darkness leaks out and does what it wills,2
erotic,2
approximately 1000 times less pleasant than extreme anal caving,2
brutal deathcore,2
nazi,2
crimes against humanity,2
douchebag,2
shit only a fag would listen to,2
shit only a retard would listen to,2
i hope you get shot,2
national socialist black metal,2
what a waste of site resources,2
swag,2
fashioncore,2
antifa,2
goatse,2
when i listen to them i dont have to buy peptobysmol anymore,2
everytime you listen to this crap a truck hits a granny,2
they look like serial prostitutes with fake dildos to scare little kids,2
rapes my ears,2
niggacore,2
i would rather beat myself to death with a hammer than listen to this,2
a campfire and a tent and a flashlight and some matches and a tree and that river and my glasses and a spaceship and a really really big bear but the bear is really really far away,2
please assassinate,2
fellating the bottom of a bottle of wine,2
wanking and crying while running a marathon,2
more gay than a san fransisco man in a hawaiian shirt sniffing some liquid gold and watching sex in the city,2
shit being pumped into my head through a fire hose,2
the gayest thing ever to happen to music,2
homoerotic,2
man in the pickle suit tricked me again,2
wagnerian arrangements,2
melodic dildocore,2
torture for my ears,2
music to listen while pederasting,2
violates the geneva convention,2
no pubic hair,2
better die than listen to this,2
people who have no talent,2
raped in public by barney,2
pile of plastic,2
colossal faggot,2
i would rather eat shit for the rest of my life than listen to this,2
music to have anal sex to,2
people i dont want to have sex with,2
as awesome has having testicles in your face when you wake up,2
senses fail,2
guitar hero 3,2
altar of the metal gods technical death metal,2
altar of the metal gods black metal,2
the song that made me love the band,2
duce tunes,2
so good,2
made of awesome,2
chorus,2
makes me feel good,2
ttr2,2
currently loving,2
fight scene,2
get amped,2
hero,2
best of 2008,2
young,2
remake,2
gina,2
nice beat,2
of,2
warriors,2
kraftvoll,2
shower,2
redone,2
workout songs,2
rerecording,2
head banging,2
english vocals,2
christlich,2
good chorus,2
nitin,2
one of my favs,2
tampa bay lightning,2
redo,2
inner strength,2
famous one-liners,2
never take friendship personal,2
rerecord,2
all day every day,2
you were my greatest failure,2
milligan,2
kicks butt,2
tap tap revenge 3,2
tap tap revenge 2,2
reproduc,2
oh yeah,2
moving on,2
im not angry,2
listen to later jennpocalypse,2
radiolove,2
stuff,2
sweetness,2
pretty good,2
s2,2
chicago bands,2
alternrock,2
bands that are too great for my friends to understand,2
list-datomm,2
bang,2
bitterness,2
not adam title,2
newrocktrackradio:-9,2
m,2
longroad,2
under 2 minutes long,2
makedamnsure,2
my current obsession,2
i like emo and i dont care who knows it,2
louder now,2
sunday,2
taking,2
back,2
boybands,2
music to listen to in the dark,2
songs that make me remember things,2
teenage memories,2
the most beautiful song,2
song to get energy,2
rockin awesome music,2
the aquatic ruin,2
atlantic sky,2
speeding,2
r,2
bright eyes,2
phenominal,2
q,2
catchy happy,2
i miss you and i want you back,2
i write sins not tragedies,2
panic,2
oh so dancy,2
patd,2
p!atd,2
panic at the disco - i write sins not tragedies,2
sins not tragedies,2
southside 2008,2
illinois rock,2
american punk,2
chicago punk,2
chicago rock,2
illinois punk,2
noisy,2
scream,2
i love,2
this is my favorite track by this artist,2
songs i never get sick of,2
amazing song,2
emo-punk,2
jimmy,2
viciante,2
whatami,2
favorite songs ever,2
personal playlist,2
mae,2
yellowcard,2
sum41,2
the used,2
fucking good,2
emo-pop,2
amazing voice,2
ilu,2
popcore,2
pepp,1
awesomesong,1
he is we,1
hakajs,1
jsnsjsj,1
ksksjsks,1
sjsnsjsbajkashs,1
roxe karvell,1
matisyahu,1
pure-reggae,1
pure-megafav,1
metallica,1
pantera,1
mania,1
five finger death punch,1
cacthy,1
marshmello,1
actuallygood,1
best of 2018,1
zombie,1
the cranberries,1
shakira,1
bullet for my valentine,1
tears dont fall,1
bfmv,1
rock-metal,1
metal songs,1
best damn song ever,1
bullet for my valentine - tears dont fall,1
tears,1
no emo,1
way my favourite in the fucking world,1
bullet,1
true lyrics,1
kicking ass,1
lil peep,1
lil tracy,1
white boy,1
rap 2017,1
#summer2017,1
jam bands,1
oar,1
epop,1
writing,1
tee,1
core adam song,1
im the heroine of some movie filled with beautiful scenery,1
adult top40,1
winter break,1
dawson creek-ish,1
first heard on pr3,1
older faves,1
post malone,1
melodic trap,1
nf,1
bbc radio1 playlist 2018,1
osc 43 - timmins,1
kosma || bunny hugs || semifinal 1,1
modest mouse,1
motivational,1
can't stop listening,1
the most important song of my life,1
songs that grabbed my heart and soul and will never let go again,1
stuff i should be able to inject directly into my blood,1
makes you wish you could sing this at the top of your lungs while driving in a convertible down sunset boulevard,1
now,1
i,1
going out,1
create new tag,1
reuben,1
lupe,1
isaac brock,1
sunny days,1
holy shit this is amazing,1
chicago hip-hop,1
scrobble,1
this is the best,1
bachelor,1
float on,1
conscious  rap,1
now thats what i call music,1
obsessions past and present,1
hennes and mauritz blast this in my ears,1
more than hot,1
rape the repeat button,1
hotlist,1
aitchcover,1
group sing-a-longs,1
modest mouse sample,1
tapurvein,1
we2glocal,1
we the kings,1
check yes juliet,1
shout it out,1
juliet,1
on my playlist,1
songs that grow on you,1
i love this song x3,1
lace up your shoes,1
itunes free download,1
dude i just gotta dance,1
feel-good-music,1
fucking-amazing,1
awesome discoveries,1
luv this song,1
stargazing music,1
shakespeare reference,1
driving theme,1
it rocks,1
extremely addictive,1
song to rock out to,1
the maine,1
stuff to sing to,1
this century,1
the very best - fuck the rest :d,1
:the: best,1
i luv this song,1
hearing voices,1
glorious whiny pop-punk emo crap,1
pretty fuckin sweet,1
good music lol,1
my life playlists,1
cal-rock,1
another tag,1
neon trees,1
goat,1
conscious rap,1
kendrick,1
west coast hip-hop,1
trap rap,1
goddamn,1
toma na orelha,1
me da ganja,1
jag dna.,1
bluesey,1
voice crush,1
eletro rock,1
alex winston,1
folkish rock,1
misterwives,1
alternarock,1
night drives,1
when we were young,1
saw live,1
lyrical genius,1
wistful,1
great melody,1
my fave,1
most listened 90s,1
90s alt rock,1
jills station,1
name - goo goo dolls,1
alone,1
no one else would take this shxt from me,1
adult alternative pop rock,1
long day,1
vertigo,1
american trad rock,1
long,1
favorite artists,1
iphone,1
maroon 5,1
yum,1
guitar rock,1
great voice,1
electric rock instrumentation,1
hell yea,1
classic pop,1
ambrosia,1
new faves,1
mean,1
broken track,1
marco78trains favorite songs,1
pop soul,1
this fucking song,1
welpen,1
beartooth,1
whatever it takes,1
summer2017,1
evolve,1
poop rock,1
rock hardcore,1
melodic hard,1
sounds like the bowling for soup version of a flock of seagulls' smash hit i ran so i really dig it,1
needed me,1
rihanna,1
noise,1
trance,1
spanish,1
classical,1
60s,1
70s,1
brutal,1
grindcore,1
revolution,1
straight edge,1
cheese,1
acid jazz,1
schlager,1
viking metal,1
justin timberlake,1
fat,1
jpop,1
mashup,1
post,1
drone,1
african,1
insane,1
internet,1
skinhead,1
evanescence,1
lady gaga,1
crunk,1
dirty south,1
pink floyd,1
asian,1
2edgy4me,1
so edgy,1
ow the edge,1
nicole,1
reading my mind,1
moja nostalgia,1
moj 2013,1
unsere songs,1
anna nalick,1
breathe,1
songs that tell stories,1
anna nalick - breathe,1
female artists,1
female singers,1
female lead,1
easygoing,1
something to sleep to,1
breathe 2 am,1
free-floating,1
jazzysfemvocalist,1
matthiastp-loved,1
a lot like love,1
jazzyslovedtracks 2010a,1
ruhig,1
alternative indie,1
a twelve-eight time signature,1
that song from the radio,1
rockyroad,1
militei,1
staind,1
aaron lewis,1
chapter v,1
industrial,1
up,1
franz ferdinand,1
emotion,1
moving,1
streets,1
minus,1
sound storm,1
intensity,1
love lost,1
mid,1
rawr,1
anger management,1
imperfections,1
personally relate to,1
nu-rock,1
eve 6,1
our wedding song,1
push,1
push - matchbox twenty,1
matchbox,1
one of my favorites,1
matchbox20,1
your mental puberty soundtrack,1
cool 90s,1
poignant,1
raw emotion,1
needs to be played more,1
kathrins guilty pleasures,1
riesenhits,1
coolwench,1
hino demais,1
better than whoranda lambert,1
minimal pop,1
sohn,1
inde pop,1
immaculate,1
tantalizing,1
que hino,1
i'm bald,1
holy fuck this song is amazingggggggg,1
banks,1
the fray - all at once,1
all at once,1
bands that start with the,1
bands i have known about years before anyone else did,1
soft and sweet,1
indie pop-rock,1
feel good track,1
the fray all at once,1
if i had a band we would sound like this,1
canciones que me gustan mucho,1
jazz,1
surf,1
holiday,1
comfort,1
e,1
shame that they made so bad track,1
emily warren,1
music for people named mackenzie,1
rhcp,1
party party,1
rain,1
maggie,1
ca,1
flea,1
ulubione,1
summer sundae,1
positive music,1
red hot chilli peppers,1
recos,1
loudness war,1
bbc radio 1,1
american pop,1
rain dance,1
california rock,1
lastwordfreak,1
indie song,1
herz-3,1
high time,1
american funk,1
california pop,1
music group,1
pouring down,1
mood-enhancer,1
california funk,1
2010s funk,1
orgazm mistyczny,1
impact 2012,1
90210,1
young the giant,1
if this were a pokemon i would catch it,1
check it,1
mixtape,1
your song,1
good song new to me,1
check out later,1
life is good,1
wedding,1
rocks,1
rocket shoes mixtapes,1
solid,1
motivating,1
2000's,1
interviewed,1
got to get,1
involuntary movement of body parts,1
interesno,1
baixo,1
yell,1
stonesoup,1
jamey johnson,1
get drunk,1
shout out,1
instant like,1
meu kings of leon tá vivo,1
fire and water,1
nsfw,1
californian,1
dark souls tv promo,1
dream-pop,1
2-step,1
indie-electronic,1
the xx,1
philkas,1
phoenix,1
so ridiculously freaking awesome,1
damned good,1
i wish they played this stuff in nightclubs,1
have to sing along,1
a hip twist a booty bounce a finger snap and a toe tap,1
blue eyed soul,1
lovedbyale,1
rock out in your cube,1
all the cool kids listen to this,1
too catchy for its own damn good,1
glittering raspberry dancefloors,1
french kiss,1
my joy you just cannot contain it,1
good old fashioned pop music,1
lisztomania,1
pop perfecto,1
wolfgang amadeus phoenix,1
reminds me of of montreal,1
genuine,1
uk number two,1
rag'n'bone man,1
humann,1
ragnbone man,1
te2 tops of 2013,1
favourite albums,1
skepticism,1
natalicious partaychoonz,1
best new music,1
slightly-energetic,1
songs which are played in hm stores,1
melhor de 2013,1
disbelief,1
lolla,1
yes uuuis knows about enf,1
vampire weekend-unbelivers,1
rainyday,1
jota,1
jotaaragonesa,1
sweet tender vibes,1
frauen und technik,1
chvrches,1
eurodance,1
boom boom boom,1
the outhere brothers,1
90s dance,1
boom,1
happy hardcore,1
naughty,1
1990,1
dancemania,1
718,1
90,1
the song that had to be made,1
jogging,1
hip-house,1
muusika,1
bad taste,1
90er,1
xd,1
dance favorites,1
epic :3,1
controversial lyrics,1
m1c4a1,1
90s love,1
it is party time,1
top 100 uk hits of the 90s,1
spass,1
emperor,1
kinda hyper and very random,1
middle school dances,1
mellody,1
the rainbow family podcast,1
bravo hits trauma,1
techno favorites,1
i bet you wish you was black too,1
flip,1
katie wall,1
music for chores,1
dolma tunes,1
3 minutes or less,1
fotomotor-badtaste,1
90 - nineties,1
k-tunes,1
sony ericsson,1
about sex,1
na spici mt,1
i miss these days sometimes,1
gia tunes,1
royalty bites,1
eurodance artist,1
german number 1,1
90 party,1
leapsandelaine,1
bete noire,1
coolcat77,1
disco tag,1
harris party,1
mneneusnut,1
almazgz,1
baladas giglio,1
party tag-radio,1
outlaws,1
miranda lambert,1
ambient pop,1
chillwave,1
low tempo,1
atmospheric pop,1
legit,1
vibin,1
blackbear,1
fuck yes,1
friendship,1
hauntingly beautiful,1
no,1
together,1
swan queen,1
togetherness,1
alternative romantic collection,1
together forever,1
this is life,1
flippin good,1
snow queen,1
tvd,1
expositions,1
kcso,1
summer music wine,1
decafinated,1
#blame,1
#bδstille,1
intoxication,1
what would it take for you to notice,1
instant favorite,1
dutch,1
mh17,1
top 2000 2014,1
cloud,1
farm,1
eli young band,1
even if it breaks your heart,1
guitar music,1
us top 40,1
southern nostalgia,1
malesinger,1
download for ct,1
denton texas usa,1
state of sound,1
dallas davidson,1
djs,1
king of country,1
start the hits,1
better than blake shelton,1
chris destefano,1
marv green,1
luke bryan,1
luke laird,1
pwr bttm,1
quinten,1
quinten painter loves luke bryan,1
quinten painter has a crush on dustin lynch,1
fuck you quinten,1
brutal power metal,1
quinten painter loves pwr bttm,1
lori richardson,1
country - easy listening,1
keith urban,1
long hot summer,1
get closer,1
lake,1
river,1
two step,1
wdw 500,1
kieth urban,1
5 times or less,1
m favs,1
lisaaubs,1
cdmil,1
by keith urban,1
country-wake up music,1
country rap,1
dn,1
bro country,1
country hip hop,1
chris tompkins,1
rodney clawson,1
candle light country,1
brett james,1
kara dioguardi,1
the strumbellas,1
rascal flatts,1
what hurts the most,1
contemporary country,1
country ballad,1
what hurts the most-rascal flatts,1
feel,1
soft music,1
depressingly beautiful,1
rascall flatts,1
rascal,1
give me alcohol now,1
fiddle,1
slow jams,1
steel guitar,1
country favorites,1
melancholy days,1
make me cry,1
my country,1
country-crossover,1
country love,1
my love songs,1
country done right,1
rascal flats,1
country hits 2008,1
songs about him,1
feel bad,1
i think about you all the time,1
country version of a techno song,1
rascal flatts what hurts the most,1
beard guy,1
kazooies,1
electric,1
neon trees gif,1
posthardcore,1
exclamations,1
send them off!,1
dan smith,1
bδstille,1
kurt cobain,1
smash mouth,1
fuck me daddy,1
seacocks,1
hanzo main,1
i tooted,1
stormy byrd,1
realest nigga in the game,1
quinten painter has eproctophilia,1
mattybraps,1
crunkcore,1
swing life away,1
chillig,1
favorite music,1
baby-making music,1
reminisce,1
when im sad,1
cute song,1
erinnerungen,1
asleep at 11:11,1
like drops of rain on a sunny day through blurry lense,1
siren song of the counter culture,1
onerepublic,1
apologize,1
one republic,1
timbaland,1
onerepublic - apologize,1
can listen to this over and over,1
apologize by one republic,1
dreaming out loud,1
ryan tedder,1
peaceful,1
addictions,1
piano love,1
keinohrhasen,1
much better without timbaland,1
apoligise,1
its too late,1
timbalands only good band,1
soft piano rock,1
instrumental rock,1
smooth jazz,1
sugar,1
best of 2005,1
fbr,1
from under the cork tree,1
songs that make you want to jump,1
oldschool,1
me,1
old school,1
ohio,1
tobuy,1
future,1
holidays,1
the future,1
tunes,1
synthrock,1
moving forward,1
day end,1
let it burn,1
pdf,1
meezingers,1
is perfect,1
things we lost in the fire,1
chipe libre,1
majn,1
derek hale,1
finally moving,1
dona do album,1
sunshine,1
optimism,1
electro-pop,1
dancefloor,1
battle,1
shoutout,1
:d,1
21st century,1
new beginnings,1
get motivated,1
when i fall asleep i still hear this playing in my head,1
ruff ryders,1
where the hood at,1
some place that cannot be found,1
amped,1
damn it feels good to be a gangsta,1
dmx where the hood at,1
dogs,1
afro,1
this is hip hop,1
unknown area,1
amy,1
some heavy shit,1
absolute rap,1
hip hop legends,1
006,1
track2,1
m and m,1
old fly shit,1
radio rap,1
oh shitty dickass niggas,1
homo thugs,1
high fat content,1
too black to be true,1
amy rap,1
cities 97,1
liked,1
must have,1
flawless,1
dom,1
songs that make me smile,1
soul folk,1
program trzeci,1
just love,1
loff,1
love tunez,1
long driving,1
przesladuje mnie odkad sie obudzilam,1
swieta prawda,1
only love,1
american folk pop,1
songs i love to sing out loud,1
salau,1
soundtrack tunez,1
summer tunez,1
june 13,1
canciones para futuro novio,1
ly special,1
idealizm,1
hope music,1
slide,1
songs that mean something to me,1
goo goo dolls slide,1
the hits of the 90s,1
goo goo dolls - slide,1
abortion,1
grew up on,1
vh-1,1
my top tracks,1
goo goo dols,1
the best rock ever,1
free mp3,1
i blast this loud,1
for my honeybee,1
drink to that all night,1
matt skiba,1
country music,1
add to my station,1
dig this pair,1
goatfucker,1
new rave,1
rave,1
reggea,1
alternativo,1
a reggae feel,1
a dub production,1
i love this song so much lkjdslkjds,1
unwell,1
new moon,1
describes me,1
smooth rock,1
makes me feel happy,1
favorite lyrics,1
songs for life,1
favourite artists,1
mental illness,1
male bands,1
herzschmerz,1
matchbox twenty - unwell,1
circleoffriends,1
this could make me cry,1
charli xcx,1
underground,1
disco rock,1
promising,1
favorites 2014,1
fairy pop,1
ryn weaver,1
ryn weaver gif,1
without me,1
slim shady,1
great beat,1
pitchfork top 500 tracks of the 2000s,1
music for a party,1
use of modal harmonies,1
in your face,1
the greatest of all time,1
agents of chaos,1
acclaimed music top 200 of 2000s,1
lyrics that use twisted humor,1
one of the best songs in existence,1
artist - best song,1
greatest hip hop,1
favourite intros,1
eminem - without me,1
this makes me scream with delight,1
passion and energy,1
um hino desses,1
mama mia mama mia let me go,1
10 of 10 great cover amazing love it,1
chemical elements,1
watch it,1
best of 2016,1
movie music,1
movie song,1
sick as frick,1
fairly local 2,1
suicidesquad,1
8,1
linedance catalan,1
hate,1
mojolukasmojo,1
laundry,1
divorce,1
metaphor,1
escaping,1
real,1
want,1
meaning,1
michigan,1
snoop dogg,1
midwest rap,1
rebirth,1
tired,1
dr dre,1
khan,1
oh its a lady,1
slowjamz,1
detroit hip-hop,1
anti-illuminati,1
bzo,1
hemp gru,1
xy,1
too late,1
paktofonika,1
love lyrics,1
tede,1
memories like fire,1
peja,1
g-shit,1
time for change,1
myoffice,1
reckoning,1
spitfyre,1
slimshady,1
eddy-kay,1
emperorcryn,1
eminems recovery,1
kingofkings,1
lil wanye the great,1
benandangela,1
indie dance party,1
up tempo,1
stuff i like,1
indie-rock-pop,1
kitsune,1
fantasterific,1
fantastic,1
currently digging,1
new british invasion,1
indietronic,1
favorite indie,1
two door cinema club- undercover martyn,1
dance-punk,1
disco punk,1
indie electro,1
to check out,1
brit pop,1
discopunk,1
synth indie rock,1
undercover martyn,1
good to know,1
wooooooo,1
date music,1
summer tune,1
house mix,1
girls names,1
sunset,1
untried songs to check out,1
money,1
imagine,1
go,1
sxsw 2011,1
indie anthems,1
musthave,1
name songs,1
hate to love,1
sun and moon and stars and outer space,1
me gusta,1
songs to dance to,1
songs involving names,1
late night driving,1
dno,1
songs of 2011,1
random likes,1
bands i should listen to more,1
new and cool to me,1
ben allen,1
eli maiman,1
kevin ray,1
nicholas petricca,1
sean waugaman,1
not mellow,1
pekne,1
pwsm - sun,1
my alarm clock melody,1
absolute favorite,1
afro armpit funk,1
criminal minds,1
rhythm and blues,1
i am a party girl here is my soundtrack,1
clap hands,1
dance party,1
pool,1
fun to sing,1
plus,1
rel-yr:2011,1
rel-mnth:2011:april,1
baixar,1
snappy,1
this is stylish music,1
play dat again,1
sasquatch 2011,1
leapsandlast12months2011,1
groovunky,1
conan on tbs,1
bad bad breakup,1
fitz and th tantrums,1
kickmix01,1
not afraid,1
wdzh-fm,1
legendary,1
pure awesomeness,1
gives me chills,1
marshall mathers,1
love eminem for song like this,1
955 wkqi,1
stfu,1
psycho metal,1
zajebiste,1
something new again,1
psychometal,1
cradle 2 the grave,1
x gon give it to you,1
banging,1
ytmnd,1
sierrathuglife1,1
grimy,1
classics,1
radio edit,1
hip hop us,1
aggressiv,1
deadpool,1
club-rap,1
xgonagiveitto ja dmxx,1
awesome sick,1
ruff rydaz,1
thug ruff,1
the pump,1
till i collapse,1
modern warfare 2,1
encouraging,1
nate dogg,1
eminem - til i collapse,1
nyc,1
san francisco,1
agressive,1
hip hoprap,1
football,1
everyone high-fiving everyone,1
ace,1
dog,1
heat,1
frankie,1
running music,1
ss,1
rap and hip-hop,1
energy booster,1
collapse,1
gym,1
battle music,1
fav artists,1
jj,1
must own,1
ill,1
kalmar,1
snap,1
taylor,1
tracks i know,1
tnphp karaoke,1
angry muzak,1
nate,1
hip-hoprap,1
motive,1
my parties,1
gunit,1
attack,1
fiya,1
republic,1
summer 2013,1
fifa14,1
musicas pra sair pulando na rua,1
songs to listen to when wake up and have a happy day,1
melhores de 2013,1
indie13,1
the colourist gif,1
king crimson,1
yeezy,1
kanye,1
west,1
21st century schizoid man,1
fuck the haters,1
level 11,1
hip-hip,1
1live fiehe,1
good ass job,1
epic fucking win,1
best of 2010 list,1
light at the end of the tunnel,1
when i close my eyes i go insane,1
aaa,1
design,1
roc-a-fella,1
stuck on repeat,1
midwest,1
saints row,1
dwele,1
lyricist,1
swagger,1
gay fish,1
racist,1
power rangers,1
fantastica,1
symbolyc one,1
ye,1
my favourite songs,1
lyricism,1
not hip hop,1
post-hip-hop,1
raingate,1
internatia song contest,1
trip hop,1
happy piano,1
fun piano,1
pillowtalk,1
r and b,1
alternative r and b,1
nocne wyciszenie,1
stmmry,1
best song 2016,1
alternativerandb,1
goo goo dolls - black balloon,1
black balloon,1
dizzy up the girl,1
goo goo dolls-black balloon,1
heroin,1
sensitive man music,1
old favorites,1
fav music,1
googoo dolls,1
black,1
america,1
yellow,1
buffalo,1
string section beds,1
for rainy days,1
all-time faves,1
subtle use of acoustic piano,1
90s hits,1
goo goo,1
sad walk,1
late night,1
motherhood,1
buffy,1
let go,1
the word love,1
collection,1
van halen,1
journey,1
the word in,1
fatherhood,1
discover,1
songs i like,1
delicious tracks,1
i would love this song more than once if i could,1
itku,1
and i shall love them endlessly,1
private stashshsh,1
roadtrip music,1
chill tunes,1
let love in,1
apumrwork,1
the goo goo dolls,1
johnny rzeznik,1
buffalo sabres,1
the word let,1
book soundtrack,1
sylpha,1
sus,1
babybabybaby,1
rock upbeat,1
candylike,1
amanda loves,1
remix,1
seeb,1
00's,1
you're ripped at every edge but you're a masterpiece,1
everything is blue,1
peppy,1
fifa 12,1
mfnw,1
favorites 2011,1
clouds,1
blingtacular,1
new to my ears in november 2011,1
damn sexy female vocals,1
recs i like,1
songsof2011,1
coachella 2012,1
up up up,1
forever 21 store music,1
wo ist der repeatbutton,1
i n d i e,1
bbc radio1 playlist 2011,1
festiva,1
like it as it is,1
ea sports fifa,1
like vampire weekend,1
paolo nutini in band form :o,1
blues rock,1
icelandic,1
supergirl,1
the good fight,1
audiosurfed,1
amadeus,1
unplayed,1
mike posner,1
thank you posner,1
relate love inspire,1
my film soundtrack,1
music that makes you hurt,1
haters to the left,1
the 1975,1
boring,1
korean,1
k-pop,1
anime,1
j-pop,1
ridiculous,1
evil,1
whore,1
meh,1
lame,1
girl band,1
bad,1
prometheus,1
capitalism,1
peter,1
slut,1
not metal,1
pompous,1
la la la,1
troll,1
kircore,1
porn groove,1
witch,1
over the top,1
bad music,1
wannabe,1
disgrace to society,1
not good,1
weeaboo,1
over-the-top,1
chuck norris does not approve,1
4chan,1
anison,1
transhumanism,1
pitchfork,1
cant sing,1
poser,1
posers,1
satanic folk,1
attention whore,1
kardashian,1
wimp,1
atrocious,1
sean paul,1
post-kircore,1
unlistenable,1
slut pop,1
not experimental,1
failed at life,1
objectivism,1
disgrace to humanity,1
cheap thrills,1
pitchforkcore,1
idol pop,1
capitalist,1
ayn rand,1
singing cunt,1
even emos are not so gay,1
reign,1
anti-folk,1
bahatluk,1
songs about me,1
songs that i love singing,1
frankie muniz,1
#coldcoldcold,1
frequency,1
insomnia,1
killing me would hurt less,1
it kills me everytime,1
pretty damn beautiful,1
beyonce,1
beyoncé,1
guest vocalist,1
dancerock,1
dowet,1
hymn for the weekend,1
scimpanzé,1
hawaii 5-0,1
pretty little liars,1
fun driving music,1
hand claps,1
tambourine,1
lyrics i love,1
strong pop hooks,1
claps,1
fav song,1
rainy days,1
bands i have seen live,1
pimp,1
years end,1
courtship of the robot,1
songs on repeat,1
great memories,1
makes me sing,1
songs that make you shit your pants in a good way,1
songs i love to death,1
sing alongs,1
this summer,1
laguna beach,1
new beginning,1
night life,1
this is my life,1
song that started it all,1
interventions and lullabies,1
the word first,1
the word single,1
otaez,1
the ultimate playlist,1
spring09,1
surprise likes,1
fucking awesome song titles,1
songs that started it all,1
psychaedelic,1
lets be happy,1
lets smile,1
kaytee music to hear,1
a combination of old and new favorites,1
lets be together,1
lets reunite,1
spring things,1
quisiera no pensar,1
arizona accent,1
rca,1
abuse,1
paedophilia,1
ritual,1
scum,1
sacrifice,1
disgusting,1
iconic,1
i hope you die,1
taro hakase,1
child rape,1
sick fuck,1
vicio,1
ian watkins,1
watkins,1
child rape apologist,1
weinstein,1
harvey weinstein,1
dew,1
ed sheeran,1
electronic pop,1
gals,1
chill trap,1
indietonic,1
what the fuck guys come on,1
itune,1
iris,1
city of angels,1
goo goo dolls - iris,1
goo goo dolls iris,1
soundtracks,1
rock ballads,1
over5min,1
love love love,1
sunrise,1
oln,1
rock 2014,1
vasilisa,1
the 100,1
fifa 13,1
bells,1
disney,1
happy music,1
moment,1
grouplove,1
favorites 2012,1
ouvir com calma,1
youngblood hawke,1
universe feeling,1
home paty,1
riia,1
sing it till youre nuts,1
eletronica,1
lixo,1
pop eletronic,1
best singles of 2016,1
troye siva,1
fort minor,1
fucking perfect,1
best music video,1
2010s power pop,1
lightning crashes,1
pennsylvania,1
lighting crashes,1
buzz ballads,1
live - lightning crashes,1
lightning,1
music to slit your wrists to,1
music from high school,1
funeral songs,1
worlds greatest sounds,1
chillaxation,1
music to slit my wrists to,1
jeon,1
lightning crashes - live,1
pxs: loved,1
fuck that,1
bubblegum,1
ladytronica,1
far too catchy,1
now i have the chorus on repeat in my head,1
dollhouse,1
daddy issues,1
genius lyrics,1
better than david guetta,1
perfect family,1
outro hino,1
d.o.l.l.h.o.u.s.e,1
melanie martinez,1
nenem chorao,1
eja culei,1
the best of the voice,1
greg kurstin,1
nu soul,1
hello,1
pure love,1
queen of pop,1
powerful vocals,1
eu batendo com meu pau num xilofone seria melhor,1
it's me,1
samu,1
identified,1
the-gifts-that-you-gave-me,1
i like to sing this,1
australian number one,1
my-treasure-chest,1
ms-echo-love,1
words can't express how much i love this song,1
adele pls,1
comecou com hello da bey,1
terminou com hello da adele,1
stop making memes out of this song,1
best song 2k15,1
doin what she likes,1
lindos,1
sounds good feels good,1
best of 5sos,1
waste the night,1
best of 5 seconds of summer,1
eletropop,1
addiction,1
fave songs,1
carmen electra,1
bitch pop,1
safada,1
tove lo,1
my2015,1
2015 singles,1
fuck 4 life,1
zvdr,1
we fuck for life,1
daphne rosen,1
slutty feelings,1
tove lo gif,1
sapatao music,1
best of tove lo,1
soft electronic,1
new fave,1
artist: eden,1
artist: the eden project,1
need to add eden onto the bio on last fm,1
not listening to gothic rock but indie electronic,1
mississippi,1
mp3,1
southern,1
the sex,1
for the road,1
omg im in portland,1
sludge-pop,1
hot mess,1
l,1
anthem rock,1
brendon urie,1
brendon,1
gospel influence,1
triple j hottest 100,1
aussie,1
that voice,1
vast,1
le kiff,1
dudes,1
harmonicas or handclaps or cheering or whistling or ukuleles or banjos or accordians or xylophones,1
lazy summers,1
hayfields and sunshine,1
i would play this on my radio show,1
just me and the road,1
radioeins,1
une de les seves millors,1
matt corby,1
fave indie songz,1
add to library,1
the walking dead feels,1
heartfelt sing out loud,1
ooooooooooooooo,1
wind and clouds and grass,1
happy sunny dancin days,1
roll the window down,1
artist: matt corby,1
rickyl feels,1
otp: youre my brother,1
sam smith,1
guitars,1
perfect song,1
fifth single,1
grouchy angel,1
this was whaaaghs sisters liked when wd went pacez,1
armin cruz,1
imogen heap,1
the oc,1
vocoder,1
hide and seek,1
ethereal,1
a cappella,1
acapella,1
music from the oc,1
a capella,1
imogen,1
oc,1
the last kiss,1
harmony,1
imogen heap - hide and seek,1
indie electronica,1
intimate,1
missing someone,1
1989,1
max martin,1
sick beats,1
indiemix,1
woman,1
singer/songwriter,1
producer,1
rel-yr:2015,1
this is amazing,1
xxvxx,1
kutmuziek,1
romanticazinha,1
do you want me to cry or wtf bmth stop being so damn lovely,1
hottybotty covers,1
best of best,1
seelenfutter,1
fuerdich,1
geschichtenerzaehlen,1
dieser song ist so grandios dass ich ihn heiraten und zehntausend wunderschoene kinder mit ihm zeugen moechte,1
vielleichtfuerimmer,1
coasts,1
like at first listen,1
gencalm,1
i feel so alive,1
american candy,1
wild,1
makes me so emo,1
troye sivan,1
best of troye sivan,1
azerbaijan,1
danish,1
distilled emotion,1
i want to get better,1
fucked up,1
hey,1
18,1
confessional,1
rabid,1
summer song,1
crazed,1
crisis,1
song of the summer,1
retrospection,1
heard in 2014,1
sunsetpie,1
workpie,1
apricotpie,1
feeling in a vial,1
hunks,1
bandmembers with a hairy chest,1
indie wedding,1
happy sunshine candy goodness,1
i want to dance,1
brooklyn,1
driving tunes,1
matt and kim,1
listening to this feels like being in love,1
daylight,1
commercial,1
fucking beautiful,1
kick the worlds ass,1
feel-good music,1
catchiness,1
rokker radio,1
i want to jump around to this song,1
leapsandsotd,1
crossover,1
drugged out,1
songs to fuck to,1
libidinous,1
babymakin,1
sex scene songs,1
d27,1
me mata de me foder,1
i usually love sleeping on the lawn,1
yvng god,1
going downtown for a whole hour,1
the weeknd and chill,1
vai me da rola,1
i want the weeknd to murder my vagina,1
imaginedragons,1
psychedelic pop,1
zicbouge,1
soul pop,1
zicelectro,1
makeba,1
jain,1
ohr-wurm,1
zanaka,1
single please,1
sounds like phoenix,1
wooooooooooooooooooooooo,1
hustle,1
cha cha,1
alt nation,1
daph,1
hf314,1
im having a blast,1
wow what a fun time,1
vocals that give me a semi,1
smallpools,1
smallpools gif,1
polmaraton,1
bbc sound of,1
must re-listen,1
heartless breathless loveless,1
new 2015,1
rovinsky,1
the nbhd,1
the neighbourhood,1
emo gotico,1
vem pro enterro,1
i'm fucking crying,1
maybe?,1
scotland,1
songs that make me happy,1
scottish rock,1
cool sounding,1
post-rock,1
glasgow,1
investigate,1
friendsofthekingofrummelpop,1
hmm sodermanland,1
tapptapptapp,1
this weeks thrill,1
driving songs,1
sxsw 2009,1
baltimore music club,1
stuck in my head,1
ohrwurm,1
cool as fuck,1
summer drives,1
post-punk revival,1
hell yeah,1
motoric,1
life soundtrack,1
not sure,1
alternative punk,1
pilot,1
songs i wish were written for me,1
songs die so gut sind das ich meiner oma ihr klein haeuschen zwar nicht verkaufen aber zumindest dafuer beleihen wuerde,1
scotland rocks,1
fat cat records,1
happy-making,1
love at first sight,1
2k9 mix,1
slow division,1
glasgow bands group,1
blipfm,1
scotlands for me,1
shake yer booty,1
preslusati,1
scottish love,1
idioteque,1
4s,1
exploding chimney,1
hall pass,1
i want to smash something to pieces while listening to that track,1
taptaptap,1
roberta,1
just simply adorable,1
slmte,1
keep the fate,1
dockville,1
foot tapping tune,1
1305fh,1
loved1305,1
special tag for special people,1
breaking news,1
motivationssong,1
the best of the bests,1
head-banging ahead,1
jmw,1
no play button but the track is on lastfm,1
qlv,1
radoslavgeorgievindie,1
joppajings party,1
joppajings best,1
hold me down,1
i like women,1
underground hip hop,1
silversun pickups,1
bassline,1
silversun,1
hazeland,1
original,1
shoegazer,1
alt-rock,1
great bassline,1
good guitar,1
swoon,1
female bass player,1
dat bass,1
sounds great,1
songs i never get tired of listening to,1
songs i overplayed,1
noise rock,1
cinematic,1
julio,1
rousing,1
slowcore,1
garage band,1
los angeles,1
woxy,1
acoustic folk,1
city and colour,1
dallas green,1
claaaaaaaaaap your hands,1
supernatural,1
hmm,1
akustik,1
all time favourites,1
hypnotizing,1
to check,1
beautiful in a sad way,1
luv,1
the night,1
music for the background of my life,1
songs to kill yourself to,1
digg,1
tragically hip,1
soundtrack of life,1
absolutely fabulous,1
slow music to sleep and relax,1
my beating heart,1
them lazy days,1
greatest singer eva,1
down tempo,1
sadcore,1
folk-rock,1
the dangerous summer,1
reinhoeren,1
powerhouse,1
the starting line,1
envy on the coast,1
a change of pace,1
the friday night boys,1
yb,1
motherofpearlmusic,1
the permanent rain,1
angels and demons,1
sunnywalk,1
extremely sexy,1
pretty falsetto,1
the killers,1
killers,1
i got soul but im not a soldier,1
all these things that ive done,1
las vegas,1
synth rock,1
all these things that i've done,1
nike,1
hot fuss,1
southland tales,1
the killers - all these things that ive done,1
us,1
all time favourite,1
gospel influences,1
experimental metal,1
metal alternatif,1
bring me the horizon,1
ill nino,1
alterrnative rock,1
every scar will build my throne,1
post-ketaminecore,1
thatsthespirit,1
cities,1
new indie,1
cool indie,1
magic man gif,1
flo rida georgia line cruise,1
car music,1
classic country,1
traditional country,1
fresh air,1
heather,1
bye,1
real country,1
scat goregrind,1
usa2012,1
songs about trucks,1
the best pop,1
long workout,1
better than creed,1
scat fetish,1
fgl,1
dahvie vanity,1
fart fetish,1
with ahhmmms wide opun,1
well i just heard the news today it seems my life is going to change i close my eyes begin to pray then tears of joy stream down my face,1
better than botdf,1
johnny rebel cover,1
prom 2014,1
class of '14,1
sirens,1
sublime with rome,1
easycore,1
s-p-i-r-i-t,1
let's sing along,1
adam sapphire,1
rich homie quan,1
why the fuck am i talking to myself in the godseed shoutbox have i lost my mind,1
super swag,1
t-wayne,1
first lemme hop out the muhfucking porsche,1
paired vocal harmony,1
nowe odkrycia,1
core cody artists,1
raury,1
glam rock,1
freaking brilliant,1
2014 release,1
from blacc hollywood - deluxe version,1
beats,1
production,1
riariariadorgas,1
r'n'b,1
album of the year,1
prog-rnb,1
from another world,1
cant even express how much i love this song,1
songs for the guitar,1
i have to change my pants after this song,1
libalabor,1
europa plus,1
hills have eyes,1
addiction of 2015 gif,1
i have ambivalent feelings about this,1
the best atm,1
urt reasons,1
via-shazam,1
fuck me,1
dope shit,1
hi,1
nigga,1
rgf,1
ayyee,1
fetty wap,1
gayest form of cancer,1
trap queen,1
trap queen fetty wap,1
hot 100 top 5,1
175 bpm,1
mkto,1
aonach nf,1
acoustic house,1
hbhbhb,1
florence,1
excelent,1
supernova,1
third eye,1
musical orgasm,1
jesus christ this is good,1
eterna,1
corporal elements,1
hb3,1
hino atemporal,1
hinario,1
melancholic uptempo,1
vocals for days,1
florgasm,1
have to be single,1
that original life,1
uoh uoh,1
the lumineers,1
ho hey,1
friendly,1
lumineers,1
herz-2,1
radio-andree,1
marriage,1
bones,1
let it all out,1
hang out,1
peace,1
youtube,1
holy moly,1
colorado,1
new folk,1
sigh and swoon in equal measure,1
southpaw,1
nico and vinz,1
summer 2014,1
am i wrong,1
norwegian,1
reggae fusion,1
exotic,1
norway,1
new funk,1
poplist,1
eargasmic,1
latin percussion,1
a busy horn section,1
diversity,1
but still,1
might be,1
nivo,1
song that shivers gif,1
nico and vinz gif,1
last song syndrome,1
jon bellion,1
2015 favorite,1
club,1
dont forget about me,1
hinooo,1
exercise,1
ocs,1
i pined a lot i find the lot falls through without uuuia,1
my one dream my only master,1
breakbeat,1
vibes,1
drum and bass,1
breaks,1
industrial hip hop,1
not hiphop,1
this is not rap this is not hip hop,1
the verve pipe,1
quiet,1
the coffeehouse,1
one hit wonders,1
modern romance,1
good tune,1
music of my life,1
hs,1
lyrics that speak,1
junior high bliss,1
laid back,1
rock n roll,1
lullabies,1
walking,1
moombahton,1
hipster,1
fancy pants,1
fancy,1
hipster dancehall,1
ne 75,1
my2014,1
did i leave my life to chance or did i make you fucking dance,1
music to chase squirrels by,1
sing this to me and ill follow you anywhere,1
contemporary folk,1
love is stronger than pride,1
little lion man,1
songs that get stuck in my head and i love,1
songs to play on repeat,1
folk indie,1
must be played at full volume,1
i really fucked it up this time,1
loved at first listen,1
allegro,1
magic fall songs,1
ring round the rosy,1
it was your heart on the line,1
london,1
reflection,1
truth,1
emotive,1
smash hits 2009,1
sydney,1
mushy,1
bestof2009,1
sasquatch 2010,1
great instrumental performance,1
la tierra voluptuosa,1
contempororyfolk,1
skins,1
makes me feel able to do anything,1
the cave,1
sex in the ear,1
happy cloudy day,1
alt folk,1
folky,1
bands you should be listening to,1
london folk,1
songs that make me so so happy,1
and you can sing along,1
humming the instrumental parts,1
i know the shame in your defeat,1
banjo fierceness,1
welove2009,1
indie breakup,1
casp,1
modern,1
personal,1
even better live,1
acoustic song,1
andy tongren,1
dylan scott,1
julian dimagiba,1
steve patrick,1
shep goodman,1
american author,1
bands i love,1
jazz rap,1
jazz hop,1
fuck you,1
the isley brothers,1
ronald isley,1
i love myself,1
soty,1
ktcth,1
world premiere,1
october 2014,1
ego-rap,1
brand new single,1
macklemore rei do rap,1
tapete do macklemore,1
grammyless,1
bluesfest 2016,1
socially conscious,1
west coast rap,1
black lives matter,1
assassin,1
concious hip hop,1
kami,1
ill as fuck,1
emancipated,1
thundercat,1
uncredited vocals,1
awesome mix 2015,1
boston bruins,1
bush,1
glycerine,1
electric guitar riffs,1
music of my youth,1
growing up,1
prominent organ,1
violin,1
garage,1
heartbreaking,1
late night music,1
brooding,1
chemistry,1
grunge rock,1
timeless,1
q2,1
gut,1
british rock,1
b,1
songs i sing in the shower,1
surf rock,1
y102fm,1
island records,1
varying tempo and time signatures,1
chuj a nie muzyka,1
she wants to dance like uma thurman,1
lydia,1
lil jon,1
love you,1
mat kearney gif,1
mpo gif,1
slaves,1
fucking shit,1
blink 182,1
blink-182,1
blink,1
blink182,1
blink 182s best songs,1
blink 182 - i miss you,1
travis barker,1
nice songs,1
lonely night,1
jack and sally,1
missing you,1
sad but true,1
all time favs,1
tom delonge,1
i miss u,1
punk rock ballads,1
boss,1
valar morghulis,1
prologue,1
iyrtitl,1
boss af,1
blank space,1
love at the first listen,1
warm and lovely,1
numerical titillation,1
clap,1
cold war kids,1
gambino,1
or fucking gasmic,1
not sober,1
videogame,1
sober,1
great samples,1
so high,1
4star,1
ahhhh,1
kauai,1
todays hits,1
childish gambino,1
mating calls,1
90s alternative rock,1
music choice: retro rock,1
seattle,1
fuzz,1
songs with colors in their titles,1
deeper,1
botany,1
-4,1
sexy cover,1
ldac 2008,1
black rose,1
black rose by trapt,1
irresistible to sing along to,1
cavo,1
transformers,1
transformers 2,1
jenny,1
crybbage power,1
sick puppies,1
st louis blues,1
new tracks,1
core bryan song,1
katty perry,1
imprescindible,1
fate rarely calls upon us at a moment of our choosing,1
2000s hard rock,1
chapot,1
kappe,1
kappe 80,1
soundtrack credits,1
alternative metal punk,1
symphonic metal,1
cello metal,1
apocalyptica,1
finnish,1
cello,1
instrumental metal,1
finnish metal,1
i dont care,1
symphonic,1
cello rock,1
adam gontier,1
neoclassical,1
gothic metal,1
more than just a song,1
song of sad love,1
symphony,1
raw,1
neo-classical metal,1
angry songs,1
headbanger,1
life sucks,1
meaty beaty big and bouncy,1
metal favourites,1
songs i sleep to,1
excellent headbanger,1
male voices to remember,1
nelonen makes some noise,1
top 5 of the favourites,1
crybs symphony,1
deathrap,1
tech n9ne,1
underground hip-hop,1
twisted insane,1
horrorcore,1
busta rhymes,1
twista,1
yelawolf,1
ceza,1
d-loc,1
fast-paced vocals,1
choppers,1
jl,1
uso,1
feeling strange,1
how about it bakes,1
jams yo,1
meachamcore,1
meachcore,1
sweet breakdowns,1
germany,1
brazil,1
mexico,1
spain,1
belgium,1
israel,1
netherlands,1
autobiographical,1
south africa,1
finland,1
sleep and dreams,1
belgique,1
finlande,1
mexique,1
allemagne,1
third,1
lovestruck,1
id,1
australie,1
espagne,1
pays-bas,1
j cole,1
royaume-uni,1
afrique du sud,1
identity cards,1
passports,1
blu-core,1
belgique faux passeports en vente,1
les passeports diplomatiques faux en vente,1
livres contrefaits en vente,1
passeports de camouflage pour la vente,1
usa green card,1
acheter de faux passeports australiens,1
acheter de faux passeports diplomatiques,1
acheter des licences canadiennes de pilote faux,1
acheter des licences de pilotes canadiens de faux,1
acheter doublons de passeport,1
acheter passeports belgique faux,1
acheter passeports de camouflage,1
acheter passeports diplomatiques faux,1
certificats de naissance et autres produits pour un certain nombre de pays comme:   etats-unis,1
des visas,1
faux dollars en vente,1
faux passeports australiens en vente,1
les passeports,1
les permis de conduire,1
licences australiens faux de driver pour vendre,1
licences canadiennes faux de driver pour vendre,1
passeports sud-africains faux en vente,1
permis de conduire,1
visas,1
camouflage passports for sale,1
counterfeit pounds for sell,1
drivers license,1
id cards,1
id cards  we offer only original high-quality fake passports,1
visa  buy real genuine data base registered and fake passport,1
birth certificates and other products for a number of countries like:  usa,1
buy camouflage passports,1
buy fake australian passports,1
buy fake belgium passports,1
buy fake canadian driver licenses,1
buy fake diplomatic passports,1
buy fake israel passports,1
buy false australian passports,1
buy false belgium passports,1
buy false canadian driver licenses,1
buy false diplomatic passports,1
buy false israel passports,1
buy passport duplicates,1
counterfeit dollars for sell,1
fake australian driver licenses for sell,1
fake australian passports for sell,1
fake belgium passports for sell,1
fake canadian driver licenses for sell,1
fake diplomatic passports for sell,1
fake israel passports for sell,1
fake south african passports for sell,1
false australian driver licenses for sell,1
false australian passports for sell,1
false belgium passports for sell,1
false canadian driver licenses for sell,1
false diplomatic passports for sell,1
false israel passports for sell,1
i just wanna run,1
the downtown fiction,1
working out,1
songs that make my heart race,1
boyband,1
i love this,1
virginia,1
moar,1
pendiente,1
crowning moment of awesome,1
pop- punk,1
newbs,1
rbnn,1
kilikes,1
go all out,1
88r,1
ver dps,1
dice correr,1
crazy fangirls,1
ro-emo,1
mood-breakup,1
theme songs,1
time,1
cd,1
awww,1
smashing,1
paul,1
summer 06,1
best played loud,1
okay,1
ro-music,1
ro-top,1
ro-2007,1
ro-roxxorlyrics,1
ro-july07,1
ro-august07,1
ro-october07,1
ro-november07,1
so cute,1
music to download,1
for you,1
preferidas,1
cmt,1
rec,1
catchy tune,1
so emo,1
summer love,1
obsessions,1
stuff i have to download,1
my faves,1
pretty much best ever,1
songs i just like,1
mtv emo,1
break-up,1
evan andree,1
sad lyrics to happy music,1
fookin gr8,1
banvard,1
bbc6,1
for boys i loved,1
doormat love,1
overly attatched,1
the decemberists gif,1
2010s indie rock,1
30 seconds to mars,1
do or die,1
30stm,1
my fav,1
definitely good for the health,1
songs that save my life,1
a fan,1
zedd,1
hayley williams,1
punk goes pop,1
fearless records,1
we came as romans,1
my summer of 13,1
pgp 5,1
diplo,1
dub,1
featuring,1
feat,1
fav tracks,1
hunger games,1
energia,1
dancing on my own,1
addicted to this song,1
man i love this song,1
a woman scorned,1
cameron diaz,1
shoegazefan,1
catching fire soundtrack,1
songs that make you want to scream out,1
fighter in me,1
weeknd,1
it gives me creeps,1
heard in 2015,1
gianna michaels,1
wheres the weeknd,1
artist: sia,1
maddie ziegler,1
traumamusical,1
elastic heart,1
and spoke to an old granny and i had to pay for the meal,1
this shit is what i heard in the quorn cafe,1
where ciaz went outside to have a fag,1
trab beat,1
1000 forms of fear,1
not last night qornz,1
bestpiecesofpopmusicwithinmylifetime,1
pirando loucamente,1
lauren,1
thats deep son,1
exchange salsa,1
drugs and alcohol have ruined my life,1
trey songz,1
dj mustard,1
core,1
crtth,1
new flavor,1
trey songz gif,1
nigga high as shit,1
sex song,1
ottawa senators,1
papa roach,1
scars,1
lost love,1
angry love,1
music to cry with,1
depressing lyrics,1
hurt,1
papa roach-scars,1
nu,1
papa roach - getting away with murder,1
papa,1
getting away with murder,1
i feel so much better when i hear it,1
paparoach,1
papa roach scars,1
again,1
christian metal,1
rock rock and more rock,1
great unknown bands,1
christ exalted,1
breathe into me,1
red - breath into me,1
real music,1
symphonic rock,1
cross2life,1
my life written in song,1
best rock,1
bim,1
super track,1
top christian,1
razors favorites,1
breath into me,1
tight,1
sound,1
coolness,1
andy,1
bob,1
ammunition,1
true,1
end,1
songoftheday,1
toronto leafs,1
tfk,1
catchy choruses,1
united christian broadcasters,1
the end is where we begin,1
coolness overloaded,1
war of change,1
africa,1
l a sound,1
behold the princess teeth,1
rooftops,1
lostprophets - rooftops,1
guitar hero world tour,1
scream your heart out,1
wrestling,1
kicks ass,1
pump it up,1
the lostprophets,1
cool rockin stuff,1
emotionally powerful,1
good radio music,1
rooftops - lostprophets,1
i_like_it,1
core isa song,1
awesome drums,1
upcoming,1
adelaide,1
goodness in a box,1
twloha,1
from the top of my lungs,1
painlovemusic,1
the warfield,1
identidem,1
pablo10,1
waking up,1
tool,1
10yrs,1
love this band,1
wake up,1
twelve-eight time signature,1
rare,1
heaven,1
nina,1
chris,1
waking,1
xxxx,1
live music,1
a,1
sexy track,1
family values tour 2006,1
nastrojowe,1
harder,1
kappe indi,1
torquemada,1
rolig,1
schrock,1
mediocre rock,1
alterrock,1
enjoyed,1
mellow yet aggressive,1
lovely with marijuana,1
get it later,1
hard alternative rock,1
go back to this,1
maybebuy,1
should look up,1
hollister,1
harsh noise,1
get happy,1
pop hit,1
male pop,1
autofahren,1
st vincent,1
commercial song,1
dave rublin,1
james adam shelley,1
matt sanchez,1
zac barnett,1
thumbsup,1
makes me wanna dance and jump around,1
march 2014,1
happy and upbeat,1
best day,1
adtune,1
artist: american authors,1
released: 2013,1
shit music,1
shit metal,1
rock bryan mute song,1
of mice and men,1
tyrol 2015,1
bråvalla 2014,1
nighttime,1
later,1
kick,1
getup,1
happiness floating all around,1
bands that help me stay alive,1
deine mutter,1
bfa,1
loved22,1
worksafe,1
h-chan,1
theres a world outside,1
best song of imagine dragons,1
indie pop electropop,1
the red jumpsuit apparatus,1
face down,1
red jumpsuit apparatus,1
all time favorite songs,1
r & b,1
hip-hop pop,1
sws,1
wendygolden81,1
amazing cover,1
fucking love,1
cover songs,1
great cover,1
fucking brilliant,1
nice cover,1
covers,1
sing at the top of your lungs,1
obsessive repeated listening,1
sexy song,1
best cover ever,1
wooooo,1
epiphany,1
lil wayne,1
get up and dance,1
hahaha,1
favorite music videos,1
prom,1
rap covers,1
pgp,1
people should just do what the song says,1
00 remake,1
songs i would have sex to,1
really loud,1
songs that understand me,1
89x,1
seks,1
songs that cheer me up,1
lick me,1
songs that make me think about my friends,1
feels like death,1
fucking rules,1
december 08 love,1
roxk,1
current messages of life,1
lastfm trying to make me happy,1
damn lastfm understands me,1
thinksoferin,1
epic sexiness,1
best framing hanley song,1
codys radio,1
9207,1
guitar hero iii,1
my life in a song,1
video game,1
rock punk,1
be,1
buddy,1
saved,1
guitarhero3,1
emopop,1
taraaa,1
cant,1
guitar hero dlc,1
lyricss,1
stephsfavs,1
toller text,1
my vices,1
as played on guitar hero,1
kakoi eto nah metal,1
dumaite kogda teghi stavite,1
summertime ju,1
12 stones,1
stuff i would like to hear more of,1
underdog,1
workout music,1
grunge-metal,1
snthem for underdogs,1
not sucks although it is christian band,1
better,1
band: bastille,1
dance fucker dance,1
morose deep dilate crimson,1
orange county,1
you are gonna go far,1
dance punk,1
socal,1
my loved tracks,1
poppunk,1
fucker,1
tracks that rule,1
rise and fall rage and grace,1
gonna go far kid,1
like 90s,1
the song is very  cool i love it,1
old rock,1
over and under,1
letting go,1
move on,1
gives me shivers,1
headphone music,1
great driving music,1
freakey stylish,1
songs that remind me of her,1
unapologetically repeated,1
rock still rocks,1
junes favourites ii,1
the academy is,1
the phrase that pays,1
the academy is - the phrase that pays,1
roctronik,1
academy is,1
william beckett,1
probably my favorite song on the album,1
fueled by ramen records,1
the academy is- the phrase that pays,1
force plays,1
shazam rock,1
beautiful voice,1
punkpop,1
number 1,1
pukkelpop 2007,1
blah,1
2listen,1
love them,1
2006 concerts,1
what i like,1
tai,1
max bemis,1
woah,1
alternatif,1
you me at six,1
political melodic punk,1
kick ass song,1
hardcore punkrock,1
the sufferer and the witness,1
resistance,1
lala,1
emo metal,1
vegan,1
alernative,1
hard rock roots,1
under three minutes,1
alternative-rock,1
heard on lastfm,1
seen in 2009,1
chillen,1
heavy electric rhythm guitars,1
an aggressive male vocalist,1
good ones,1
to scream,1
seen in 2007,1
punk alternative,1
seen 3x,1
christain,1
love it forever,1
mo6no,1
lilalaunekatze,1
pretty okay actually,1
download2012,1
best-fast,1
datomm-metallic,1
hosch1,1
myki,1
under the knife-ra,1
under the knife,1
kfma,1
jumping green,1
shite,1
folksy,1
folkalicious,1
josh dun,1
tyler joseph,1
greg wells,1
literally the worst song to ever exist,1
summer jam,1
snow,1
kick-ass,1
listen later,1
dance around,1
wdw,1
city walking,1
new politics,1
181fm - the buzz,1
happy spazz rock,1
lite it up,1
anti war,1
so fuckin great song,1
hero of war,1
anti-war,1
war,1
fuck bush,1
love his voice,1
i want to see this live,1
o kurwa,1
awesome lyric,1
so fuckingreat song,1
songs seen live,1
ballade,1
shame on you,1
best-slow,1
naknak,1
ram hero of war,1
rise against - acoustic,1
pretty fucking awesome,1
should be played loudly,1
prayer of the refugee,1
punkcore,1
best song,1
my favorite rise against song,1
smile empty soul,1
rev theory,1
alternative hard rock,1
del,1
los angeles kings,1
catchyrock:-9,1
mindy,1
hardnight,1
defolt rock,1
a thousand sons,1
prospero burns,1
potential,1
absolute love,1
serena,1
sittin around,1
download or buy,1
lordlex92s,1
not scrobbled,1
like 12 stones,1
gothic,1
gothic rock,1
txt,1
despair,1
rap-hardcore,1
hunter x hunter feels,1
last train home,1
evil twin,1
home,1
last,1
pleasuredome oppenwehe,1
songs for summer,1
love- fucking love,1
suicide murder machine,1
orange county drum and percussion,1
10 of 10,1
rage,1
columbus blues jackets,1
sophisticated alternative,1
inkd,1
teen pop,1
issues,1
carolina hurricanes,1
urbancore,1
rnbcore,1
madina lake,1
madina lake3,1
ska punk,1
underworld,1
adore,1
system of a down,1
tuneage,1
absolute masterpiece,1
alternative poprock,1
:3,1
kerrang,1
warped 07,1
sad pretty,1
projekt revolution,1
wooohooo,1
bersho,1
smagaki,1
jan-2012,1
gfsfdsfd,1
kwlz,1
billey talent,1
the calling,1
wherever you will go,1
the calling - wherever you will go,1
calling,1
love actually,1
easy rock,1
romantica,1
top song radio,1
melodic rock,1
power ballads,1
forever,1
the calling- wherever you will go,1
royal bliss,1
struggle,1
michael,1
scorned,1
hear more,1
the fallen,1
last days message,1
no sympathy,1
soundtrack to summer 08,1
frustration for the fallen,1
mike vogel,1
minnesota wild,1
kamal kant dewan,1
vir foods limited,1
liar,1
for days when i am particularly angry with you,1
male lead,1
fiery,1
ironic,1
moves,1
x,1
myspace,1
want to see,1
funny lyrics,1
impassioned,1
incredible lyrics,1
amazing songs,1
bang your head,1
energized,1
road trip music,1
liebling,1
dance off,1
senior year,1
my funk,1
incredible vocals,1
the feel good drag,1
anberlin - the feel good drag,1
cooler than you,1
anberlin-the feel good drag,1
the cake is a lie,1
must-listen,1
gotta get,1
need more unicornes,1
best of 2006,1
paramore,1
j,1
elektronik,1
best of 2007,1
horny,1
gaming,1
la,1
blue,1
green,1
earth,1
tt,1
minty fresh,1
excellent song for driving,1
anberlin - paperthin hymn,1
paperthin hymn,1
great vocalists,1
alternative - indie,1
okay yeah whatever,1
anberlin-paperthin hymn,1
bliss,1
riot grrrl,1
past,1
hymn,1
paper,1
sxsw 2006,1
kaits favorite songs,1
alternative gospel,1
5stars,1
teen,1
story of the year,1
anthem of our dying day,1
mellow music i listen to when everyone is sleeping,1
computer in the corner of the family room,1
hurt love,1
like a lonley dream,1
story of the year - anthem of our dying day,1
moody lyrics,1
story of the year- anthem of our dying day,1
old times,1
li,1
sick,1
library,1
old,1
great chorus,1
glory,1
sara,1
summertime,1
st louis,1
childhood memories,1
csi,1
pissed,1
happy memories,1
killer,1
music that makes your head explode of amazement,1
memory lane,1
jimmy eat world,1
music that makes me melt,1
arizona,1
nhl,1
nhl 2003,1
jimmy eat world - sweetness,1
feeling,1
emo shit,1
jew,1
the middle,1
altpop,1
my happy songs,1
trippin,1
pissed off,1
hardrock,1
great awesome,1
definitely not emo,1
game ost,1
saw them,1
new found like,1
kinky unicorn sex,1
one of those,1
heart major,1
obv radical,1
sehr geiler song,1
post hard k0r,1
like a 9th grade,1
feeding the wolves,1
stoner metal,1
post-metal,1
beautiful song,1
fix me,1
jakeorcutts favs,1
2010s alternative metal,1
nice must hear again,1
wasteland,1
10 years - wasteland,1
the greatest ever,1
the autumn effect,1
songs that are or remind me of my adolescence,1
songs that got me into the band,1
love wasteland by 10 years,1
live version,1
chevelle,1
symphonic black metal,1
tennessee,1
medium,1
knoxville,1
melodic hard rock,1
um,1
death-thrash,1
halo 2,1
anberlin - dismantle repair,1
bookmark,1
change,1
makes me feel like crying,1
nice songs i hear on the radio,1
save me from myself,1
fuck you nostalgia yous a bitch,1
acadia,1
adrenaline pumping,1
makes me feel at peace,1
patron saint of lost causes,1
makes me wanna sing along,1
things are gonna change now for the better,1
you dismantle me,1
merrill,1
true metal,1
true norwegian black metal,1
true black metal,1
gay black metal,1
drown,1
homeless on the streets giving handjobs for crack,1
gaygrind,1
really violent sex that is not only extremely bloody but also can scar people forever as well as haunt people in their dreams and plus it can turn innocent people into bloodthirsty killers that have no mercy for their victims,1
you candle sniffing fuck fence go climb a wall of dicks you double nigger,1
why does this person have to haunt decent people even on last fm,1
worse than brokencyde,1
satanic dildocore,1
sounds like a woman driving a vehicle with a manual transmission,1
fart machine,1
my hatred of this is so thick and rich that you could drizzle it over pancakes,1
kept in freezer to be served as dinner,1
used at guantanamo bay,1
the victims of chernobyl,1
brutal fagcore,1
just put your what what deep in my butt butt and let juice fly and ill soak up the what what in the butt butt penis fish meat carebears,1
spermgrind,1
dr gay and his gang of faggots,1
all aboard the failboat,1
ambient dildocore,1
satanic buttcore,1
the kooks,1
naive,1
makes me wanna sing,1
makes everything okay,1
brit rock,1
kooks,1
songs i love to sing,1
english accent,1
britrock,1
favourite bands,1
17 again,1
favorite artist,1
love to death,1
undoubtedly one of my faves ever,1
uk invasion,1
i want to fuck this song,1
indie tracks,1
verbotene liebe,1
music from one tree hill,1
charming accent,1
the kooks - naive,1
bessst,1
kiks,1
title track,1
the blackest of markets,1
pamela anderson,1
tiffany towers,1
anti-bullying,1
garage rock,1
rock music,1
makes you smile,1
stoner rock,1
choir,1
help,1
ramones,1
stoner,1
rock and roll,1
the clash,1
garage punk,1
tolerance,1
foo fighters,1
nirvana,1
people,1
great video,1
77,1
sex pistols,1
stoner punk,1
77 punk,1
backing vocals,1
chuck berry,1
rancid,1
flogging molly,1
californian punk,1
punknroll,1
dropkick murphys,1
a1,1
please god make it stop,1
jesus christ kill it with fire before it spreads,1
columbine,1
them crooked vultures,1
foxboro hot tubs,1
queensofthestoneage,1
taylor hawkins,1
bike,1
space,1
physics,1
noah,1
catchy chorus,1
runaway,1
obsessive songs,1
rock favs,1
favs 2013,1
makes me fucking jump around,1
punk  rock,1
first heard on eska rock,1
savior,1
fuckin good,1
rise against - savior,1
rise,1
rocksmith,1
against,1
new and good,1
my most favourite,1
savoir,1
the taste of ink,1
the used - the taste of ink,1
taste of ink,1
used,1
the used - taste of ink,1
bert mccracken,1
motherfucka hell yes here i am,1
the used-the taste of ink,1
the used- the taste of ink,1
fav band,1
taste,1
theused,1
so here i am,1
tast of ink,1
sleeping with sirens,1
screaming,1
framing hanley-hear me now,1
deep thoughts,1
bookmarked,1
hot song,1
hear me now,1
crunk metal,1
the moment,1
new bands ive never heard before but like,1
sweetguitar,1
mikes chair,1
hear me now by framing hanley,1
depressing as fuck,1
adorable,1
good song ever,1
knees oh wees a wees oh please a knees,1
embers and envelopes,1
songs that remind me of summer,1
me likes,1
mae yay,1
i could listen to this band forever,1
cc,1
meow,1
jesus,1
eternity,1
emoish,1
my mix,1
indie roc,1
pop rocks,1
reality,1
sway,1
fajne,1
cheer up emo kid,1
shoebox project,1
study time,1
good songs,1
131,1
apology,1
rock it,1
songs i listened to in high school,1
alien ant farm,1
movies,1
f,1
ro-party,1
songs that make you feel good,1
holy shit i used to like this band,1
songs i sing with the windows down,1
machst du heute partey peppi-ich mach heute partey franky,1
subway,1
book,1
sommer,1
cool song,1
routine,1
rockisch,1
all the best,1
best songs of the 00s,1
flop,1
amazing music video,1
#1,1
8tracks,1
uh oh,1
lead vocal,1
musicians with extremely sexy voices,1
gomno but love,1
this isn't peanut butter,1
brandon urie,1
sum 41,1
pieces,1
sum 41 pieces,1
neopunk,1
the best lyrics,1
rainy day music,1
sum,1
songs to sing when i am lonely,1
favourite lyrics,1
being a teenager,1
my random likes,1
songs to listen while looking at an empty white wall,1
my own soundtrack,1
people suck,1
enters your soul and eats it up,1
prostitution is revolution,1
better light a candle,1
songs for sad moods,1
other favourite song by this artist,1
you make me cry when i want to,1
hurts when i listen to it,1
wearing out my ipod,1
for when im sad,1
pieces-sum 41,1
sum 41 - pieces,1
stone sour,1
corey taylor,1
through glass,1
slipknot,1
stone sour - through glass,1
corey,1
stonesour,1
rock am ring 2007,1
roadrunner records,1
wonderful lyrics,1
rock am ring,1
songs that i love,1
stone sour through glass,1
unplugged,1
sorry,1
glass,1
korn,1
ballady,1
come whatever may,1
beafuckinutiful,1
anthony green,1
so good its on repeat,1
perfect songs,1
circe survive,1
fucking great,1
2k10 mix,1
looooooooooooooooooooooooove this song,1
shamelessly on repeat,1
rio theatre,1
religious views,1
aleatoriedade,1
contagious,1
getthis,1
alternative times,1
pain,1
on the radio,1
listen forever,1
rp soundtrack,1
warcraft,1
music to drive by,1
court,1
singy,1
nice track,1
kk,1
san jose sharks,1
rachael,1
trapt contagious,1
contagious is contagious,1
escape the fate,1
heartbeat,1
selena gomez,1
hilary duff,1
ronnie,1
vanessa hudgens,1
ariana grande,1
hand dance,1
oh my i think i love it,1
sing mit,1
etf,1
shaushaushau,1
jesss,1
warped 2009,1
soo fuckin great,1
new meta,1
ava lauren,1
flora coquerel,1
nabilla benattia,1
jade laroche,1
anna polina,1
anissa kate,1
eva shaw,1
this song keeps me strong tbh,1
a day to remember,1
beautiful lyrics,1
adtr,1
make me happy,1
songs that almost break my heart when i hear them,1
homesick,1
cant stop listening,1
contains one of the greatest moments in music history,1
melodoc hardcore,1
for those who do not sleep enough due to staying up late at night for no apparent reason,1
clear guitar,1
pop: rock: punk rock: hardcore: post-hardcore,1
sierra kusterbeck,1
i hope you are listening,1
test,1
artists i love,1
cheesy,1
so many memories,1
kpop,1
lucy,1
best track ever,1
female voice,1
loved tracks,1
great band,1
